post_text,time,likes,shares,comments,src,fake_status,last_word,finalized,words,avg_word_length,urgent_words,post_text_tokens,final_words,stop_words,marks,exclamation_marks,Cluster
—Ä—É–º–µ–Ω —Ä–∞–¥–µ–≤ —Å—ä–æ–±—â–∏ –¥–∞—Ç–∞—Ç–∞ –Ω–∞ –∏–∑–±–æ—Ä–∏—Ç–µ,14-01-21 17:12,861,19,104,petel.bg,0,–∏–∑–±–æ—Ä–∏—Ç–µ,True,6,5.333333333,0,"['—Ä—É–º–µ–Ω', '—Ä–∞–¥–µ–≤', '—Å—ä–æ–±—â–∏', '–¥–∞—Ç–∞—Ç–∞', '–Ω–∞', '–∏–∑–±–æ—Ä–∏—Ç–µ']","['—Ä—É–º–µ–Ω', '—Ä–∞–¥–µ–≤', '—Å—ä–æ–±—â–∏', '–¥–∞—Ç–∞—Ç–∞', '–Ω–∞', '–∏–∑–±–æ—Ä–∏—Ç–µ']",1,0,0,0
"—Ü–≤–µ—Ç–∞–Ω–æ–≤ —Ö–≤—ä—Ä–ª–∏ ""–±–æ–º–±–∞"": –∏–º–∞—à–µ –ø–æ–¥–º—è–Ω–∞ –Ω–∞ –≤–æ—Ç–∞, –¥–æ–∫–∞—Ç–æ –±—è—Ö –≤ –≥–µ—Ä–±",12/1/2021 19:30,1359,166,479,petel.bg,1,–≥–µ—Ä–±,True,11,5.0,1,"['—Ü–≤–µ—Ç–∞–Ω–æ–≤', '—Ö–≤—ä—Ä–ª–∏', '``', '–±–æ–º–±–∞', ""''"", ':', '–∏–º–∞—à–µ', '–ø–æ–¥–º—è–Ω–∞', '–Ω–∞', '–≤–æ—Ç–∞', ',', '–¥–æ–∫–∞—Ç–æ', '–±—è—Ö', '–≤', '–≥–µ—Ä–±']","['—Ü–≤–µ—Ç–∞–Ω–æ–≤', '—Ö–≤—ä—Ä–ª–∏', '', '–±–æ–º–±–∞', '', '–∏–º–∞—à–µ', '–ø–æ–¥–º—è–Ω–∞', '–Ω–∞', '–≤–æ—Ç–∞', '–¥–æ–∫–∞—Ç–æ', '–±—è—Ö', '–≤', '–≥–µ—Ä–±']",3,4,0,0
—Ä—É–º–µ–Ω —Ä–∞–¥–µ–≤: –±—Ä–æ–µ–Ω–µ—Ç–æ –Ω–∞ –≥–ª–∞—Å–æ–≤–µ—Ç–µ —Ç—Ä—è–±–≤–∞ –¥–∞ —Å–µ –∏–∑–ª—ä—á–≤–∞ –æ–Ω–ª–∞–π–Ω,9/1/2021 12:58,1751,59,221,petel.bg,0,–æ–Ω–ª–∞–π–Ω,True,10,5.3,0,"['—Ä—É–º–µ–Ω', '—Ä–∞–¥–µ–≤', ':', '–±—Ä–æ–µ–Ω–µ—Ç–æ', '–Ω–∞', '–≥–ª–∞—Å–æ–≤–µ—Ç–µ', '—Ç—Ä—è–±–≤–∞', '–¥–∞', '—Å–µ', '–∏–∑–ª—ä—á–≤–∞', '–æ–Ω–ª–∞–π–Ω']","['—Ä—É–º–µ–Ω', '—Ä–∞–¥–µ–≤', '–±—Ä–æ–µ–Ω–µ—Ç–æ', '–Ω–∞', '–≥–ª–∞—Å–æ–≤–µ—Ç–µ', '—Ç—Ä—è–±–≤–∞', '–¥–∞', '—Å–µ', '–∏–∑–ª—ä—á–≤–∞', '–æ–Ω–ª–∞–π–Ω']",4,1,0,0
"—Ç–æ—à–∫–æ –π–æ—Ä–¥–∞–Ω–æ–≤ —Å–µ –ø–æ—è–≤–∏ –ø—Ä–µ–¥ –ø—Ä–µ–∑–∏–¥–µ–Ω—Ç–∞ —Å –º–∞—Å–∫–∞ ""–º—É—Ç—Ä–∏ –≤—ä–Ω!""",9/1/2021 11:11,1171,20,207,petel.bg,0,"–≤—ä–Ω!""",True,10,5.1,0,"['—Ç–æ—à–∫–æ', '–π–æ—Ä–¥–∞–Ω–æ–≤', '—Å–µ', '–ø–æ—è–≤–∏', '–ø—Ä–µ–¥', '–ø—Ä–µ–∑–∏–¥–µ–Ω—Ç–∞', '—Å', '–º–∞—Å–∫–∞', '``', '–º—É—Ç—Ä–∏', '–≤—ä–Ω', '!', ""''""]","['—Ç–æ—à–∫–æ', '–π–æ—Ä–¥–∞–Ω–æ–≤', '—Å–µ', '–ø–æ—è–≤–∏', '–ø—Ä–µ–¥', '–ø—Ä–µ–∑–∏–¥–µ–Ω—Ç–∞', '—Å', '–º–∞—Å–∫–∞', '', '–º—É—Ç—Ä–∏', '–≤—ä–Ω', '']",3,3,1,0
ÔøΩÔøΩ–Ω–µ–¥–æ–≤–æ–ª–Ω–∏—Ç–µ –∏—Å–∫–∞—Ç –æ—Å—Ç–∞–≤–∫–∞ –Ω–∞ –ø—Ä–∞–≤–∏—Ç–µ–ª—Å—Ç–≤–æ—Ç–æ –∏ –≥–ª–∞–≤–Ω–∏—è –ø—Ä–æ–∫—É—Ä–æ—Äüëá,13-01-21 21:51,1122,43,34,mediapool.,0,–ø—Ä–æ–∫—É—Ä–æ—Äüëá,True,8,7.125,0,"['üëâ–Ω–µ–¥–æ–≤–æ–ª–Ω–∏—Ç–µ', '–∏—Å–∫–∞—Ç', '–æ—Å—Ç–∞–≤–∫–∞', '–Ω–∞', '–ø—Ä–∞–≤–∏—Ç–µ–ª—Å—Ç–≤–æ—Ç–æ', '–∏', '–≥–ª–∞–≤–Ω–∏—è', '–ø—Ä–æ–∫—É—Ä–æ—Äüëá']","['–Ω–µ–¥–æ–≤–æ–ª–Ω–∏—Ç–µ', '–∏—Å–∫–∞—Ç', '–æ—Å—Ç–∞–≤–∫–∞', '–Ω–∞', '–ø—Ä–∞–≤–∏—Ç–µ–ª—Å—Ç–≤–æ—Ç–æ', '–∏', '–≥–ª–∞–≤–Ω–∏—è', '–ø—Ä–æ–∫—É—Ä–æ—Ä']",2,0,0,0
"–ø—Ä–µ–∑–∏–¥–µ–Ω—Ç—ä—Ç —Ä—É–º–µ–Ω —Ä–∞–¥–µ–≤ —Å–µ —Å—Ä–µ—â–Ω–∞ —Å ""–¥–µ–º–æ–∫—Ä–∞—Ç–∏—á–Ω–∞ –±—ä–ª–≥–∞—Ä–∏—è"", ""–∏–º–∞ —Ç–∞–∫—ä–≤ –Ω–∞—Ä–æ–¥"", ""–∏–∑–ø—Ä–∞–≤–∏ —Å–µ. –±–≥"" –∏ ""–æ—Ç—Ä–æ–≤–Ω–æ—Ç–æ —Ç—Ä–∏–æ""",9/1/2021 15:16,1849,80,159,mediapool.,0,"—Ç—Ä–∏–æ""",True,17,5.823529412,0,"['–ø—Ä–µ–∑–∏–¥–µ–Ω—Ç—ä—Ç', '—Ä—É–º–µ–Ω', '—Ä–∞–¥–µ–≤', '—Å–µ', '—Å—Ä–µ—â–Ω–∞', '—Å', '``', '–¥–µ–º–æ–∫—Ä–∞—Ç–∏—á–Ω–∞', '–±—ä–ª–≥–∞—Ä–∏—è', ""''"", ',', '``', '–∏–º–∞', '—Ç–∞–∫—ä–≤', '–Ω–∞—Ä–æ–¥', ""''"", ',', '``', '–∏–∑–ø—Ä–∞–≤–∏', '—Å–µ', '.', '–±–≥', ""''"", '–∏', '``', '–æ—Ç—Ä–æ–≤–Ω–æ—Ç–æ', '—Ç—Ä–∏–æ', ""''""]","['–ø—Ä–µ–∑–∏–¥–µ–Ω—Ç—ä—Ç', '—Ä—É–º–µ–Ω', '—Ä–∞–¥–µ–≤', '—Å–µ', '—Å—Ä–µ—â–Ω–∞', '—Å', '', '–¥–µ–º–æ–∫—Ä–∞—Ç–∏—á–Ω–∞', '–±—ä–ª–≥–∞—Ä–∏—è', '', '', '–∏–º–∞', '—Ç–∞–∫—ä–≤', '–Ω–∞—Ä–æ–¥', '', '', '–∏–∑–ø—Ä–∞–≤–∏', '—Å–µ', '–±–≥', '', '–∏', '', '–æ—Ç—Ä–æ–≤–Ω–æ—Ç–æ', '—Ç—Ä–∏–æ', '']",6,11,0,0
‚Äº–º–æ–Ω –ø—Ä–∏–Ω—É–¥–∏ —Ä–µ–∫—Ç–æ—Ä–∏—Ç–µ —Å–ø–µ—à–Ω–æ –¥–∞ –∞–∫—Ç—É–∞–ª–∏–∑–∏—Ä–∞—Ç —É—á–µ–±–Ω–∏—Ç–µ —Å–∏ –ø—Ä–æ–≥—Ä–∞–º–∏.,7/1/2021 17:42,889,139,89,mediapool.,0,–ø—Ä–æ–≥—Ä–∞–º–∏.,True,9,6.555555556,0,"['‚Äº–º–æ–Ω', '–ø—Ä–∏–Ω—É–¥–∏', '—Ä–µ–∫—Ç–æ—Ä–∏—Ç–µ', '—Å–ø–µ—à–Ω–æ', '–¥–∞', '–∞–∫—Ç—É–∞–ª–∏–∑–∏—Ä–∞—Ç', '—É—á–µ–±–Ω–∏—Ç–µ', '—Å–∏', '–ø—Ä–æ–≥—Ä–∞–º–∏', '.']","['–º–æ–Ω', '–ø—Ä–∏–Ω—É–¥–∏', '—Ä–µ–∫—Ç–æ—Ä–∏—Ç–µ', '—Å–ø–µ—à–Ω–æ', '–¥–∞', '–∞–∫—Ç—É–∞–ª–∏–∑–∏—Ä–∞—Ç', '—É—á–µ–±–Ω–∏—Ç–µ', '—Å–∏', '–ø—Ä–æ–≥—Ä–∞–º–∏']",2,1,0,0
"""–≥–ª–æ–±–∞—Ç–∞, –∫–æ—è—Ç–æ —Ç—Ä—è–±–≤–∞ –¥–∞ –æ—Ç–Ω–µ—Å–∞, –Ω–µ–∫–∞ –±—ä–¥–µ —Å–∞–º–æ –∑–∞ –º–µ–Ω. –ª–∏—á–∏ —Å–∏, —á–µ –µ –æ–±—â–µ—Å—Ç–≤–µ–Ω–æ –∑–Ω–∞—á–∏–º–æ –Ω–∞—à–µ—Ç–æ —Ö–æ—Ä–æ"".",7/1/2021 12:22,677,4,38,mediapool.,0,"—Ö–æ—Ä–æ"".",True,18,4.777777778,0,"['``', '–≥–ª–æ–±–∞—Ç–∞', ',', '–∫–æ—è—Ç–æ', '—Ç—Ä—è–±–≤–∞', '–¥–∞', '–æ—Ç–Ω–µ—Å–∞', ',', '–Ω–µ–∫–∞', '–±—ä–¥–µ', '—Å–∞–º–æ', '–∑–∞', '–º–µ–Ω', '.', '–ª–∏—á–∏', '—Å–∏', ',', '—á–µ', '–µ', '–æ–±—â–µ—Å—Ç–≤–µ–Ω–æ', '–∑–Ω–∞—á–∏–º–æ', '–Ω–∞—à–µ—Ç–æ', '—Ö–æ—Ä–æ', ""''"", '.']","['', '–≥–ª–æ–±–∞—Ç–∞', '–∫–æ—è—Ç–æ', '—Ç—Ä—è–±–≤–∞', '–¥–∞', '–æ—Ç–Ω–µ—Å–∞', '–Ω–µ–∫–∞', '–±—ä–¥–µ', '—Å–∞–º–æ', '–∑–∞', '–º–µ–Ω', '–ª–∏—á–∏', '—Å–∏', '—á–µ', '–µ', '–æ–±—â–µ—Å—Ç–≤–µ–Ω–æ', '–∑–Ω–∞—á–∏–º–æ', '–Ω–∞—à–µ—Ç–æ', '—Ö–æ—Ä–æ', '']",10,7,0,0
"—é—Ä–∏ —Ä–∞—Ç–∞—Å –ø–æ–¥–∞–¥–µ –æ—Å—Ç–∞–≤–∫–∞, –≤—ä–ø—Ä–µ–∫–∏ —á–µ –Ω—è–º–∞ –¥–æ–∫–∞–∑–∞—Ç–µ–ª—Å—Ç–≤–∞ —Ç–æ–π –¥–∞ –µ —É—á–∞—Å—Ç–≤–∞–ª –≤ —Å—Ö–µ–º–∞—Ç–∞. –ø–æ —Ä–∞–∑—Å–ª–µ–¥–≤–∞–Ω–µ—Ç–æ –∑–∞ –ø—Ä–µ–¥–æ—Å—Ç–∞–≤—è–Ω–µ –Ω–∞ –¥—ä—Ä–∂–∞–≤–µ–Ω –∑–∞–µ–º –Ω–∞ —á–∞—Å—Ç–µ–Ω —Å—Ç—Ä–æ–∏—Ç–µ–ª–µ–Ω –ø—Ä–æ–µ–∫—Ç –±—è—Ö–∞ –∑–∞–¥—ä—Ä–∂–∞–Ω–∏ —á–µ—Ç–∏—Ä–∏–º–∞ –¥—É—à–∏ –æ—Ç –ø–∞—Ä—Ç–∏—è—Ç–∞ –Ω–∞ –ø—Ä–µ–º–∏–µ—Ä–∞.",13-01-21 12:51,546,84,57,svobodnaev,0,–ø—Ä–µ–º–∏–µ—Ä–∞.,True,33,5.575757576,0,"['—é—Ä–∏', '—Ä–∞—Ç–∞—Å', '–ø–æ–¥–∞–¥–µ', '–æ—Å—Ç–∞–≤–∫–∞', ',', '–≤—ä–ø—Ä–µ–∫–∏', '—á–µ', '–Ω—è–º–∞', '–¥–æ–∫–∞–∑–∞—Ç–µ–ª—Å—Ç–≤–∞', '—Ç–æ–π', '–¥–∞', '–µ', '—É—á–∞—Å—Ç–≤–∞–ª', '–≤', '—Å—Ö–µ–º–∞—Ç–∞', '.', '–ø–æ', '—Ä–∞–∑—Å–ª–µ–¥–≤–∞–Ω–µ—Ç–æ', '–∑–∞', '–ø—Ä–µ–¥–æ—Å—Ç–∞–≤—è–Ω–µ', '–Ω–∞', '–¥—ä—Ä–∂–∞–≤–µ–Ω', '–∑–∞–µ–º', '–Ω–∞', '—á–∞—Å—Ç–µ–Ω', '—Å—Ç—Ä–æ–∏—Ç–µ–ª–µ–Ω', '–ø—Ä–æ–µ–∫—Ç', '–±—è—Ö–∞', '–∑–∞–¥—ä—Ä–∂–∞–Ω–∏', '—á–µ—Ç–∏—Ä–∏–º–∞', '–¥—É—à–∏', '–æ—Ç', '–ø–∞—Ä—Ç–∏—è—Ç–∞', '–Ω–∞', '–ø—Ä–µ–º–∏–µ—Ä–∞', '.']","['—é—Ä–∏', '—Ä–∞—Ç–∞—Å', '–ø–æ–¥–∞–¥–µ', '–æ—Å—Ç–∞–≤–∫–∞', '–≤—ä–ø—Ä–µ–∫–∏', '—á–µ', '–Ω—è–º–∞', '–¥–æ–∫–∞–∑–∞—Ç–µ–ª—Å—Ç–≤–∞', '—Ç–æ–π', '–¥–∞', '–µ', '—É—á–∞—Å—Ç–≤–∞–ª', '–≤', '—Å—Ö–µ–º–∞—Ç–∞', '–ø–æ', '—Ä–∞–∑—Å–ª–µ–¥–≤–∞–Ω–µ—Ç–æ', '–∑–∞', '–ø—Ä–µ–¥–æ—Å—Ç–∞–≤—è–Ω–µ', '–Ω–∞', '–¥—ä—Ä–∂–∞–≤–µ–Ω', '–∑–∞–µ–º', '–Ω–∞', '—á–∞—Å—Ç–µ–Ω', '—Å—Ç—Ä–æ–∏—Ç–µ–ª–µ–Ω', '–ø—Ä–æ–µ–∫—Ç', '–±—è—Ö–∞', '–∑–∞–¥—ä—Ä–∂–∞–Ω–∏', '—á–µ—Ç–∏—Ä–∏–º–∞', '–¥—É—à–∏', '–æ—Ç', '–ø–∞—Ä—Ç–∏—è—Ç–∞', '–Ω–∞', '–ø—Ä–µ–º–∏–µ—Ä–∞']",14,3,0,0
"–ø—Ä–∏ —Ç–µ–º–ø–µ—Ä–∞—Ç—É—Ä–∏ –æ—Ç –º–∏–Ω—É—Å 40 –≥—Ä–∞–¥—É—Å–∞ –ø–æ —Ü–µ–ª–∑–∏–π –µ–¥–∏–Ω—Å—Ç–≤–µ–Ω–∏—Ç–µ, –∫–æ–∏—Ç–æ –æ—Å—Ç–∞–≤–∞—Ç –ø—Ä–µ–∑ –∑–∏–º–∞—Ç–∞ –≤ —Å–µ–ª–æ —Ç—É–º—É–ª –≤ —Å–∏–±–∏—Ä—Å–∫–∏—è —Ä–µ–≥–∏–æ–Ω —è–∫—É—Ç–∏—è, —Å–∞ –º–µ—Å—Ç–Ω–∏—Ç–µ —Ñ–µ—Ä–º–µ—Ä–∏ –∏ —Å–µ–º–µ–π—Å—Ç–≤–∞—Ç–∞ –∏–º. –ø—Ä–∏–ø–æ–º–Ω—è–º–µ –≤–∏ —Ç–æ–≤–∞ –≤–∏–¥–µ–æ –æ—Ç –ø—Ä–µ–¥–∏ –≥–æ–¥–∏–Ω–∞.",11/1/2021 21:29,570,0,5,svobodnaev,0,–≥–æ–¥–∏–Ω–∞.,True,33,5.242424242,0,"['–ø—Ä–∏', '—Ç–µ–º–ø–µ—Ä–∞—Ç—É—Ä–∏', '–æ—Ç', '–º–∏–Ω—É—Å', '40', '–≥—Ä–∞–¥—É—Å–∞', '–ø–æ', '—Ü–µ–ª–∑–∏–π', '–µ–¥–∏–Ω—Å—Ç–≤–µ–Ω–∏—Ç–µ', ',', '–∫–æ–∏—Ç–æ', '–æ—Å—Ç–∞–≤–∞—Ç', '–ø—Ä–µ–∑', '–∑–∏–º–∞—Ç–∞', '–≤', '—Å–µ–ª–æ', '—Ç—É–º—É–ª', '–≤', '—Å–∏–±–∏—Ä—Å–∫–∏—è', '—Ä–µ–≥–∏–æ–Ω', '—è–∫—É—Ç–∏—è', ',', '—Å–∞', '–º–µ—Å—Ç–Ω–∏—Ç–µ', '—Ñ–µ—Ä–º–µ—Ä–∏', '–∏', '—Å–µ–º–µ–π—Å—Ç–≤–∞—Ç–∞', '–∏–º', '.', '–ø—Ä–∏–ø–æ–º–Ω—è–º–µ', '–≤–∏', '—Ç–æ–≤–∞', '–≤–∏–¥–µ–æ', '–æ—Ç', '–ø—Ä–µ–¥–∏', '–≥–æ–¥–∏–Ω–∞', '.']","['–ø—Ä–∏', '—Ç–µ–º–ø–µ—Ä–∞—Ç—É—Ä–∏', '–æ—Ç', '–º–∏–Ω—É—Å', '40', '–≥—Ä–∞–¥—É—Å–∞', '–ø–æ', '—Ü–µ–ª–∑–∏–π', '–µ–¥–∏–Ω—Å—Ç–≤–µ–Ω–∏—Ç–µ', '–∫–æ–∏—Ç–æ', '–æ—Å—Ç–∞–≤–∞—Ç', '–ø—Ä–µ–∑', '–∑–∏–º–∞—Ç–∞', '–≤', '—Å–µ–ª–æ', '—Ç—É–º—É–ª', '–≤', '—Å–∏–±–∏—Ä—Å–∫–∏—è', '—Ä–µ–≥–∏–æ–Ω', '—è–∫—É—Ç–∏—è', '—Å–∞', '–º–µ—Å—Ç–Ω–∏—Ç–µ', '—Ñ–µ—Ä–º–µ—Ä–∏', '–∏', '—Å–µ–º–µ–π—Å—Ç–≤–∞—Ç–∞', '–∏–º', '–ø—Ä–∏–ø–æ–º–Ω—è–º–µ', '–≤–∏', '—Ç–æ–≤–∞', '–≤–∏–¥–µ–æ', '–æ—Ç', '–ø—Ä–µ–¥–∏', '–≥–æ–¥–∏–Ω–∞']",15,4,0,0
"–º–∞—Ä–∏—è –±–∞–∫–∞–ª–æ–≤–∞, –∫–æ—è—Ç–æ –≤–ø–µ—á–∞—Ç–ª–∏ –∞–º–µ—Ä–∏–∫–∞–Ω—Å–∫–∞—Ç–∞ –∫–∏–Ω–æ–∫—Ä–∏—Ç–∏–∫–∞ —Å —Ä–æ–ª—è—Ç–∞ —Å–∏ –≤ ‚Äú–±–æ—Ä–∞—Ç 2‚Äù, –µ —á–æ–≤–µ–∫ –Ω–∞ –¥–µ–Ω—è –Ω–∞ —Å–≤–æ–±–æ–¥–Ω–∞ –µ–≤—Ä–æ–ø–∞.",11/1/2021 19:29,905,47,28,svobodnaev,0,–µ–≤—Ä–æ–ø–∞.,True,19,5.210526316,0,"['–º–∞—Ä–∏—è', '–±–∞–∫–∞–ª–æ–≤–∞', ',', '–∫–æ—è—Ç–æ', '–≤–ø–µ—á–∞—Ç–ª–∏', '–∞–º–µ—Ä–∏–∫–∞–Ω—Å–∫–∞—Ç–∞', '–∫–∏–Ω–æ–∫—Ä–∏—Ç–∏–∫–∞', '—Å', '—Ä–æ–ª—è—Ç–∞', '—Å–∏', '–≤', '‚Äú', '–±–æ—Ä–∞—Ç', '2', '‚Äù', ',', '–µ', '—á–æ–≤–µ–∫', '–Ω–∞', '–¥–µ–Ω—è', '–Ω–∞', '—Å–≤–æ–±–æ–¥–Ω–∞', '–µ–≤—Ä–æ–ø–∞', '.']","['–º–∞—Ä–∏—è', '–±–∞–∫–∞–ª–æ–≤–∞', '–∫–æ—è—Ç–æ', '–≤–ø–µ—á–∞—Ç–ª–∏', '–∞–º–µ—Ä–∏–∫–∞–Ω—Å–∫–∞—Ç–∞', '–∫–∏–Ω–æ–∫—Ä–∏—Ç–∏–∫–∞', '—Å', '—Ä–æ–ª—è—Ç–∞', '—Å–∏', '–≤', '', '–±–æ—Ä–∞—Ç', '2', '', '–µ', '—á–æ–≤–µ–∫', '–Ω–∞', '–¥–µ–Ω—è', '–Ω–∞', '—Å–≤–æ–±–æ–¥–Ω–∞', '–µ–≤—Ä–æ–ø–∞']",7,3,0,0
‚Äú–Ω–µ –º–æ–∂–µ–º –ø–æ–≤–µ—á–µ –¥–∞ –≥–æ –æ—Ç–ª–∞–≥–∞–º–µ‚Äù. –ø—Ä–µ–∑–∏–¥–µ–Ω—Ç—ä—Ç —Ä—É–º–µ–Ω —Ä–∞–¥–µ–≤ —Å–µ —Å—Ä–µ—â–Ω–∞ –æ–Ω–ª–∞–π–Ω —Å –ø—Ä–µ–¥—Å—Ç–∞–≤–∏—Ç–µ–ª–∏ –Ω–∞ –±—ä–ª–≥–∞—Ä—Å–∫–∞—Ç–∞ –¥–∏–∞—Å–ø–æ—Ä–∞ –≤ —á—É–∂–±–∏–Ω–∞. –±—ä–ª–≥–∞—Ä–∏—Ç–µ —Å–µ –æ–±–µ–¥–∏–Ω–∏—Ö–∞ –æ–∫–æ–ª–æ –∏—Å–∫–∞–Ω–µ—Ç–æ –∑–∞ –¥–∏—Å—Ç–∞–Ω—Ü–∏–æ–Ω–Ω–æ –≥–ª–∞—Å—É–≤–∞–Ω–µ.,11/1/2021 17:50,1872,101,100,svobodnaev,0,–≥–ª–∞—Å—É–≤–∞–Ω–µ.,True,27,6.074074074,0,"['‚Äú', '–Ω–µ', '–º–æ–∂–µ–º', '–ø–æ–≤–µ—á–µ', '–¥–∞', '–≥–æ', '–æ—Ç–ª–∞–≥–∞–º–µ', '‚Äù', '.', '–ø—Ä–µ–∑–∏–¥–µ–Ω—Ç—ä—Ç', '—Ä—É–º–µ–Ω', '—Ä–∞–¥–µ–≤', '—Å–µ', '—Å—Ä–µ—â–Ω–∞', '–æ–Ω–ª–∞–π–Ω', '—Å', '–ø—Ä–µ–¥—Å—Ç–∞–≤–∏—Ç–µ–ª–∏', '–Ω–∞', '–±—ä–ª–≥–∞—Ä—Å–∫–∞—Ç–∞', '–¥–∏–∞—Å–ø–æ—Ä–∞', '–≤', '—á—É–∂–±–∏–Ω–∞', '.', '–±—ä–ª–≥–∞—Ä–∏—Ç–µ', '—Å–µ', '–æ–±–µ–¥–∏–Ω–∏—Ö–∞', '–æ–∫–æ–ª–æ', '–∏—Å–∫–∞–Ω–µ—Ç–æ', '–∑–∞', '–¥–∏—Å—Ç–∞–Ω—Ü–∏–æ–Ω–Ω–æ', '–≥–ª–∞—Å—É–≤–∞–Ω–µ', '.']","['', '–Ω–µ', '–º–æ–∂–µ–º', '–ø–æ–≤–µ—á–µ', '–¥–∞', '–≥–æ', '–æ—Ç–ª–∞–≥–∞–º–µ', '', '–ø—Ä–µ–∑–∏–¥–µ–Ω—Ç—ä—Ç', '—Ä—É–º–µ–Ω', '—Ä–∞–¥–µ–≤', '—Å–µ', '—Å—Ä–µ—â–Ω–∞', '–æ–Ω–ª–∞–π–Ω', '—Å', '–ø—Ä–µ–¥—Å—Ç–∞–≤–∏—Ç–µ–ª–∏', '–Ω–∞', '–±—ä–ª–≥–∞—Ä—Å–∫–∞—Ç–∞', '–¥–∏–∞—Å–ø–æ—Ä–∞', '–≤', '—á—É–∂–±–∏–Ω–∞', '–±—ä–ª–≥–∞—Ä–∏—Ç–µ', '—Å–µ', '–æ–±–µ–¥–∏–Ω–∏—Ö–∞', '–æ–∫–æ–ª–æ', '–∏—Å–∫–∞–Ω–µ—Ç–æ', '–∑–∞', '–¥–∏—Å—Ç–∞–Ω—Ü–∏–æ–Ω–Ω–æ', '–≥–ª–∞—Å—É–≤–∞–Ω–µ']",11,3,0,0
"–≤ –Ω–∞—á–∞–ª–æ—Ç–æ –Ω–∞ 2021 –≥–æ–¥–∏–Ω–∞ –∏–∑–≥–ª–µ–∂–¥–∞ –ø–æ ""—Ç—É—Ä—Å–∫–∏ –ø–æ—Ç–æ–∫"" –≤–µ—á–µ –º–∏–Ω–∞–≤–∞ —Ä—É—Å–∫–∏ –≥–∞–∑, –Ω–æ –Ω–∏—Ç–æ –∏–º–∞ –æ—Ç–∫—Ä–∏–≤–∞–Ω–µ, –Ω–∏—Ç–æ –∏–º–∞ –æ—Ç–≥–æ–≤–æ—Ä –Ω–∞ –≤—ä–ø—Ä–æ—Å–∞ –≥–æ—Ç–æ–≤ –ª–∏ –µ –∏–∑–æ–±—â–æ –ø—Ä–æ–µ–∫—Ç—ä—Ç. –æ—Ñ–∏—Ü–∏–∞–ª–Ω–∏ –æ—Ç–≥–æ–≤–æ—Ä–∏ –Ω—è–º–∞. –µ–ª–∏—Ü–∞ —Å–∏–º–µ–æ–Ω–æ–≤–∞ —Ä–∞–∑–∫–∞–∑–≤–∞.",11/1/2021 9:25,849,230,88,svobodnaev,0,—Ä–∞–∑–∫–∞–∑–≤–∞.,True,33,5.242424242,0,"['–≤', '–Ω–∞—á–∞–ª–æ—Ç–æ', '–Ω–∞', '2021', '–≥–æ–¥–∏–Ω–∞', '–∏–∑–≥–ª–µ–∂–¥–∞', '–ø–æ', '``', '—Ç—É—Ä—Å–∫–∏', '–ø–æ—Ç–æ–∫', ""''"", '–≤–µ—á–µ', '–º–∏–Ω–∞–≤–∞', '—Ä—É—Å–∫–∏', '–≥–∞–∑', ',', '–Ω–æ', '–Ω–∏—Ç–æ', '–∏–º–∞', '–æ—Ç–∫—Ä–∏–≤–∞–Ω–µ', ',', '–Ω–∏—Ç–æ', '–∏–º–∞', '–æ—Ç–≥–æ–≤–æ—Ä', '–Ω–∞', '–≤—ä–ø—Ä–æ—Å–∞', '–≥–æ—Ç–æ–≤', '–ª–∏', '–µ', '–∏–∑–æ–±—â–æ', '–ø—Ä–æ–µ–∫—Ç—ä—Ç', '.', '–æ—Ñ–∏—Ü–∏–∞–ª–Ω–∏', '–æ—Ç–≥–æ–≤–æ—Ä–∏', '–Ω—è–º–∞', '.', '–µ–ª–∏—Ü–∞', '—Å–∏–º–µ–æ–Ω–æ–≤–∞', '—Ä–∞–∑–∫–∞–∑–≤–∞', '.']","['–≤', '–Ω–∞—á–∞–ª–æ—Ç–æ', '–Ω–∞', '2021', '–≥–æ–¥–∏–Ω–∞', '–∏–∑–≥–ª–µ–∂–¥–∞', '–ø–æ', '', '—Ç—É—Ä—Å–∫–∏', '–ø–æ—Ç–æ–∫', '', '–≤–µ—á–µ', '–º–∏–Ω–∞–≤–∞', '—Ä—É—Å–∫–∏', '–≥–∞–∑', '–Ω–æ', '–Ω–∏—Ç–æ', '–∏–º–∞', '–æ—Ç–∫—Ä–∏–≤–∞–Ω–µ', '–Ω–∏—Ç–æ', '–∏–º–∞', '–æ—Ç–≥–æ–≤–æ—Ä', '–Ω–∞', '–≤—ä–ø—Ä–æ—Å–∞', '–≥–æ—Ç–æ–≤', '–ª–∏', '–µ', '–∏–∑–æ–±—â–æ', '–ø—Ä–æ–µ–∫—Ç—ä—Ç', '–æ—Ñ–∏—Ü–∏–∞–ª–Ω–∏', '–æ—Ç–≥–æ–≤–æ—Ä–∏', '–Ω—è–º–∞', '–µ–ª–∏—Ü–∞', '—Å–∏–º–µ–æ–Ω–æ–≤–∞', '—Ä–∞–∑–∫–∞–∑–≤–∞']",14,7,0,0
"–ø—Ä–æ—Ñ–∏–ª—ä—Ç –Ω–∞ —Ç—Ä—ä–º–ø –≤–µ—á–µ –Ω–µ —Å—ä—â–µ—Å—Ç–≤—É–≤–∞. —á—Ä–µ–∑ –Ω–µ–≥–æ –ø—Ä–µ–∑–∏–¥–µ–Ω—Ç—ä—Ç –æ–±—è–≤—è–≤–∞—à–µ –ø–æ–ª–∏—Ç–∏–∫–∏, –≤–æ—é–≤–∞—à–µ —Å –æ–ø–æ–Ω–µ–Ω—Ç–∏, —Ä–∞–∑–ø—Ä–æ—Å—Ç—Ä–∞–Ω—è–≤–∞—à–µ –∏–Ω—Ñ–æ—Ä–º–∞—Ü–∏—è –∏ –¥–µ–∑–∏–Ω—Ñ–æ—Ä–º–∞—Ü–∏—è, –¥–æ—Ä–∏ —É–≤–æ–ª–Ω—è–≤–∞—à–µ —Ö–æ—Ä–∞.",9/1/2021 16:10,1049,69,232,svobodnaev,0,—Ö–æ—Ä–∞.,True,21,6.952380952,0,"['–ø—Ä–æ—Ñ–∏–ª—ä—Ç', '–Ω–∞', '—Ç—Ä—ä–º–ø', '–≤–µ—á–µ', '–Ω–µ', '—Å—ä—â–µ—Å—Ç–≤—É–≤–∞', '.', '—á—Ä–µ–∑', '–Ω–µ–≥–æ', '–ø—Ä–µ–∑–∏–¥–µ–Ω—Ç—ä—Ç', '–æ–±—è–≤—è–≤–∞—à–µ', '–ø–æ–ª–∏—Ç–∏–∫–∏', ',', '–≤–æ—é–≤–∞—à–µ', '—Å', '–æ–ø–æ–Ω–µ–Ω—Ç–∏', ',', '—Ä–∞–∑–ø—Ä–æ—Å—Ç—Ä–∞–Ω—è–≤–∞—à–µ', '–∏–Ω—Ñ–æ—Ä–º–∞—Ü–∏—è', '–∏', '–¥–µ–∑–∏–Ω—Ñ–æ—Ä–º–∞—Ü–∏—è', ',', '–¥–æ—Ä–∏', '—É–≤–æ–ª–Ω—è–≤–∞—à–µ', '—Ö–æ—Ä–∞', '.']","['–ø—Ä–æ—Ñ–∏–ª—ä—Ç', '–Ω–∞', '—Ç—Ä—ä–º–ø', '–≤–µ—á–µ', '–Ω–µ', '—Å—ä—â–µ—Å—Ç–≤—É–≤–∞', '—á—Ä–µ–∑', '–Ω–µ–≥–æ', '–ø—Ä–µ–∑–∏–¥–µ–Ω—Ç—ä—Ç', '–æ–±—è–≤—è–≤–∞—à–µ', '–ø–æ–ª–∏—Ç–∏–∫–∏', '–≤–æ—é–≤–∞—à–µ', '—Å', '–æ–ø–æ–Ω–µ–Ω—Ç–∏', '—Ä–∞–∑–ø—Ä–æ—Å—Ç—Ä–∞–Ω—è–≤–∞—à–µ', '–∏–Ω—Ñ–æ—Ä–º–∞—Ü–∏—è', '–∏', '–¥–µ–∑–∏–Ω—Ñ–æ—Ä–º–∞—Ü–∏—è', '–¥–æ—Ä–∏', '—É–≤–æ–ª–Ω—è–≤–∞—à–µ', '—Ö–æ—Ä–∞']",8,5,0,0
"–∏–∑–≤—ä–Ω–ø–∞—Ä–ª–∞–º–µ–Ω—Ç–∞—Ä–Ω–∏—Ç–µ –ø–∞—Ä—Ç–∏–∏ –±—è—Ö–∞ –ø–æ–æ—Ç–¥–µ–ª–Ω–æ –Ω–∞ –∫–æ–Ω—Å—É–ª—Ç–∞—Ü–∏–∏ –ø—Ä–∏ –ø—Ä–µ–∑–∏–¥–µ–Ω—Ç–∞ —Ä–∞–¥–µ–≤. —Ç–µ –∫–∞–∑–∞—Ö–∞ –µ–¥–Ω–æ –∏ —Å—ä—â–æ –Ω–µ—â–æ: —á–µ –Ω–µ –≤—è—Ä–≤–∞—Ç –≤ —á–µ—Å—Ç–Ω–æ—Å—Ç—Ç–∞ –Ω–∞ –∏–∑–±–æ—Ä–∏, –ø—Ä–æ–≤–µ–∂–¥–∞–Ω–∏ –æ—Ç –≥–µ—Ä–±. –æ—Ç ""–¥–µ–º–æ–∫—Ä–∞—Ç–∏—á–Ω–∞ –±—ä–ª–≥–∞—Ä–∏—è"" –ø—Ä–µ–¥–ª–æ–∂–∏—Ö–∞ –Ω—è–∫–æ–ª–∫–æ –∫–æ–Ω–∫—Ä–µ—Ç–Ω–∏ –º–µ—Ä–∫–∏, –∫–æ–∏—Ç–æ –¥–∞ –Ω–∞–º–∞–ª—è—Ç —Ä–∏—Å–∫–∞ –æ—Ç –º–∞–Ω–∏–ø—É–ª–∞—Ü–∏–∏.",9/1/2021 14:00,2648,130,255,svobodnaev,0,–º–∞–Ω–∏–ø—É–ª–∞—Ü–∏–∏.,True,38,6.026315789,0,"['–∏–∑–≤—ä–Ω–ø–∞—Ä–ª–∞–º–µ–Ω—Ç–∞—Ä–Ω–∏—Ç–µ', '–ø–∞—Ä—Ç–∏–∏', '–±—è—Ö–∞', '–ø–æ–æ—Ç–¥–µ–ª–Ω–æ', '–Ω–∞', '–∫–æ–Ω—Å—É–ª—Ç–∞—Ü–∏–∏', '–ø—Ä–∏', '–ø—Ä–µ–∑–∏–¥–µ–Ω—Ç–∞', '—Ä–∞–¥–µ–≤', '.', '—Ç–µ', '–∫–∞–∑–∞—Ö–∞', '–µ–¥–Ω–æ', '–∏', '—Å—ä—â–æ', '–Ω–µ—â–æ', ':', '—á–µ', '–Ω–µ', '–≤—è—Ä–≤–∞—Ç', '–≤', '—á–µ—Å—Ç–Ω–æ—Å—Ç—Ç–∞', '–Ω–∞', '–∏–∑–±–æ—Ä–∏', ',', '–ø—Ä–æ–≤–µ–∂–¥–∞–Ω–∏', '–æ—Ç', '–≥–µ—Ä–±', '.', '–æ—Ç', '``', '–¥–µ–º–æ–∫—Ä–∞—Ç–∏—á–Ω–∞', '–±—ä–ª–≥–∞—Ä–∏—è', ""''"", '–ø—Ä–µ–¥–ª–æ–∂–∏—Ö–∞', '–Ω—è–∫–æ–ª–∫–æ', '–∫–æ–Ω–∫—Ä–µ—Ç–Ω–∏', '–º–µ—Ä–∫–∏', ',', '–∫–æ–∏—Ç–æ', '–¥–∞', '–Ω–∞–º–∞–ª—è—Ç', '—Ä–∏—Å–∫–∞', '–æ—Ç', '–º–∞–Ω–∏–ø—É–ª–∞—Ü–∏–∏', '.']","['–∏–∑–≤—ä–Ω–ø–∞—Ä–ª–∞–º–µ–Ω—Ç–∞—Ä–Ω–∏—Ç–µ', '–ø–∞—Ä—Ç–∏–∏', '–±—è—Ö–∞', '–ø–æ–æ—Ç–¥–µ–ª–Ω–æ', '–Ω–∞', '–∫–æ–Ω—Å—É–ª—Ç–∞—Ü–∏–∏', '–ø—Ä–∏', '–ø—Ä–µ–∑–∏–¥–µ–Ω—Ç–∞', '—Ä–∞–¥–µ–≤', '—Ç–µ', '–∫–∞–∑–∞—Ö–∞', '–µ–¥–Ω–æ', '–∏', '—Å—ä—â–æ', '–Ω–µ—â–æ', '—á–µ', '–Ω–µ', '–≤—è—Ä–≤–∞—Ç', '–≤', '—á–µ—Å—Ç–Ω–æ—Å—Ç—Ç–∞', '–Ω–∞', '–∏–∑–±–æ—Ä–∏', '–ø—Ä–æ–≤–µ–∂–¥–∞–Ω–∏', '–æ—Ç', '–≥–µ—Ä–±', '–æ—Ç', '', '–¥–µ–º–æ–∫—Ä–∞—Ç–∏—á–Ω–∞', '–±—ä–ª–≥–∞—Ä–∏—è', '', '–ø—Ä–µ–¥–ª–æ–∂–∏—Ö–∞', '–Ω—è–∫–æ–ª–∫–æ', '–∫–æ–Ω–∫—Ä–µ—Ç–Ω–∏', '–º–µ—Ä–∫–∏', '–∫–æ–∏—Ç–æ', '–¥–∞', '–Ω–∞–º–∞–ª—è—Ç', '—Ä–∏—Å–∫–∞', '–æ—Ç', '–º–∞–Ω–∏–ø—É–ª–∞—Ü–∏–∏']",18,8,0,0
"—Å–ª–µ–¥ –ø–æ–≥—Ä–æ–º–∞ –Ω–∞ –∫—Ç–± –æ—Ç–Ω–æ—à–µ–Ω–∏—è—Ç–∞ –±–æ—Ä–∏—Å–æ–≤-–ø–µ–µ–≤—Å–∫–∏ —Å—Ç–∞–Ω–∞—Ö–∞ ‚Äù—Å–æ—é–∑ –Ω–µ—Ä–æ—à–∏–º—ã–π‚Äù. –º–∏–Ω–∏—Å—Ç–µ—Ä—Å—Ç–≤–æ—Ç–æ –Ω–∞ –∏–∫–æ–Ω–æ–º–∏–∫–∞—Ç–∞ –µ –∑–∞–ø–∞–∑–µ–Ω–∞ —Ç–µ—Ä–∏—Ç–æ—Ä–∏—è –∑–∞ –ø–µ–µ–≤—Å–∫–∏, –∏–∑–≤–µ—Å—Ç–Ω–æ –µ –∑–∞ –±–æ–∂–∏–¥–∞—Ä –ª—É–∫–∞—Ä—Å–∫–∏. –ø—É–±–ª–∏—á–Ω–∞ —Ç–∞–π–Ω–∞ –µ, —á–µ –ø–µ–µ–≤—Å–∫–∏ –≤–∑–µ –Ω–∞ –∫–æ–Ω—Ü–µ—Å–∏—è –∫–≤–æ—Ç–∞—Ç–∞ –Ω–∞ –≤–æ–ª–µ–Ω —Å–∏–¥–µ—Ä–æ–≤. –º–∏–Ω–∏—Å—Ç—ä—Ä –∫–∞—Ä–∞–Ω–∏–∫–æ–ª–æ–≤ –∑–∞—â–∏—Ç–∞–≤–∞—à–µ –∏–Ω—Ç–µ—Ä–µ—Å–∏—Ç–µ –Ω–∞ –ø–µ–≤—Å–∫–∏. —Å—ä—â–∏—è—Ç –µ –∏ —Å–µ–≥–∞—à–Ω–∏—è—Ç –º–∏–Ω–∏—Å—Ç—ä—Ä –ª—ä—á–µ–∑–∞—Ä –±–æ—Ä–∏—Å–æ–≤, –∏–º–∞ –≤—Ä—ä–∑–∫–∏ —Å –ø–µ–µ–≤—Å–∫–∏ –æ—Ç 2008 –≥. –Ω—è–º–∞ –∫–∞–∫–≤–æ –¥–∞ —Å–ø–æ–º–µ–Ω–∞–≤–∞–º –≥–æ—Ä–∞–Ω–æ–≤. —Ç–æ–≤–∞ –∫–∞–∑–∞ –±–∞–Ω–∫–µ—Ä—ä—Ç —Ü–≤–µ—Ç–∞–Ω –≤–∞—Å–∏–ª–µ–≤, –±–∏–≤—à –º–∞–∂–æ—Ä–∏—Ç–∞—Ä–µ–Ω —Å–æ–±—Å—Ç–≤–µ–Ω–∏–∫ –Ω–∞ –∫—Ç–±.",13-01-21 20:56,671,173,24,frognews.bg,0,–∫—Ç–±.,True,69,5.927536232,0,"['—Å–ª–µ–¥', '–ø–æ–≥—Ä–æ–º–∞', '–Ω–∞', '–∫—Ç–±', '–æ—Ç–Ω–æ—à–µ–Ω–∏—è—Ç–∞', '–±–æ—Ä–∏—Å–æ–≤-–ø–µ–µ–≤—Å–∫–∏', '—Å—Ç–∞–Ω–∞—Ö–∞', '‚Äù', '—Å–æ—é–∑', '–Ω–µ—Ä–æ—à–∏–º—ã–π', '‚Äù', '.', '–º–∏–Ω–∏—Å—Ç–µ—Ä—Å—Ç–≤–æ—Ç–æ', '–Ω–∞', '–∏–∫–æ–Ω–æ–º–∏–∫–∞—Ç–∞', '–µ', '–∑–∞–ø–∞–∑–µ–Ω–∞', '—Ç–µ—Ä–∏—Ç–æ—Ä–∏—è', '–∑–∞', '–ø–µ–µ–≤—Å–∫–∏', ',', '–∏–∑–≤–µ—Å—Ç–Ω–æ', '–µ', '–∑–∞', '–±–æ–∂–∏–¥–∞—Ä', '–ª—É–∫–∞—Ä—Å–∫–∏', '.', '–ø—É–±–ª–∏—á–Ω–∞', '—Ç–∞–π–Ω–∞', '–µ', ',', '—á–µ', '–ø–µ–µ–≤—Å–∫–∏', '–≤–∑–µ', '–Ω–∞', '–∫–æ–Ω—Ü–µ—Å–∏—è', '–∫–≤–æ—Ç–∞—Ç–∞', '–Ω–∞', '–≤–æ–ª–µ–Ω', '—Å–∏–¥–µ—Ä–æ–≤', '.', '–º–∏–Ω–∏—Å—Ç—ä—Ä', '–∫–∞—Ä–∞–Ω–∏–∫–æ–ª–æ–≤', '–∑–∞—â–∏—Ç–∞–≤–∞—à–µ', '–∏–Ω—Ç–µ—Ä–µ—Å–∏—Ç–µ', '–Ω–∞', '–ø–µ–≤—Å–∫–∏', '.', '—Å—ä—â–∏—è—Ç', '–µ', '–∏', '—Å–µ–≥–∞—à–Ω–∏—è—Ç', '–º–∏–Ω–∏—Å—Ç—ä—Ä', '–ª—ä—á–µ–∑–∞—Ä', '–±–æ—Ä–∏—Å–æ–≤', ',', '–∏–º–∞', '–≤—Ä—ä–∑–∫–∏', '—Å', '–ø–µ–µ–≤—Å–∫–∏', '–æ—Ç', '2008', '–≥.', '–Ω—è–º–∞', '–∫–∞–∫–≤–æ', '–¥–∞', '—Å–ø–æ–º–µ–Ω–∞–≤–∞–º', '–≥–æ—Ä–∞–Ω–æ–≤', '.', '—Ç–æ–≤–∞', '–∫–∞–∑–∞', '–±–∞–Ω–∫–µ—Ä—ä—Ç', '—Ü–≤–µ—Ç–∞–Ω', '–≤–∞—Å–∏–ª–µ–≤', ',', '–±–∏–≤—à', '–º–∞–∂–æ—Ä–∏—Ç–∞—Ä–µ–Ω', '—Å–æ–±—Å—Ç–≤–µ–Ω–∏–∫', '–Ω–∞', '–∫—Ç–±', '.']","['—Å–ª–µ–¥', '–ø–æ–≥—Ä–æ–º–∞', '–Ω–∞', '–∫—Ç–±', '–æ—Ç–Ω–æ—à–µ–Ω–∏—è—Ç–∞', '–±–æ—Ä–∏—Å–æ–≤–ø–µ–µ–≤—Å–∫–∏', '—Å—Ç–∞–Ω–∞—Ö–∞', '', '—Å–æ—é–∑', '–Ω–µ—Ä–æ—à–∏–º—ã–π', '', '–º–∏–Ω–∏—Å—Ç–µ—Ä—Å—Ç–≤–æ—Ç–æ', '–Ω–∞', '–∏–∫–æ–Ω–æ–º–∏–∫–∞—Ç–∞', '–µ', '–∑–∞–ø–∞–∑–µ–Ω–∞', '—Ç–µ—Ä–∏—Ç–æ—Ä–∏—è', '–∑–∞', '–ø–µ–µ–≤—Å–∫–∏', '–∏–∑–≤–µ—Å—Ç–Ω–æ', '–µ', '–∑–∞', '–±–æ–∂–∏–¥–∞—Ä', '–ª—É–∫–∞—Ä—Å–∫–∏', '–ø—É–±–ª–∏—á–Ω–∞', '—Ç–∞–π–Ω–∞', '–µ', '—á–µ', '–ø–µ–µ–≤—Å–∫–∏', '–≤–∑–µ', '–Ω–∞', '–∫–æ–Ω—Ü–µ—Å–∏—è', '–∫–≤–æ—Ç–∞—Ç–∞', '–Ω–∞', '–≤–æ–ª–µ–Ω', '—Å–∏–¥–µ—Ä–æ–≤', '–º–∏–Ω–∏—Å—Ç—ä—Ä', '–∫–∞—Ä–∞–Ω–∏–∫–æ–ª–æ–≤', '–∑–∞—â–∏—Ç–∞–≤–∞—à–µ', '–∏–Ω—Ç–µ—Ä–µ—Å–∏—Ç–µ', '–Ω–∞', '–ø–µ–≤—Å–∫–∏', '—Å—ä—â–∏—è—Ç', '–µ', '–∏', '—Å–µ–≥–∞—à–Ω–∏—è—Ç', '–º–∏–Ω–∏—Å—Ç—ä—Ä', '–ª—ä—á–µ–∑–∞—Ä', '–±–æ—Ä–∏—Å–æ–≤', '–∏–º–∞', '–≤—Ä—ä–∑–∫–∏', '—Å', '–ø–µ–µ–≤—Å–∫–∏', '–æ—Ç', '2008', '–≥', '–Ω—è–º–∞', '–∫–∞–∫–≤–æ', '–¥–∞', '—Å–ø–æ–º–µ–Ω–∞–≤–∞–º', '–≥–æ—Ä–∞–Ω–æ–≤', '—Ç–æ–≤–∞', '–∫–∞–∑–∞', '–±–∞–Ω–∫–µ—Ä—ä—Ç', '—Ü–≤–µ—Ç–∞–Ω', '–≤–∞—Å–∏–ª–µ–≤', '–±–∏–≤—à', '–º–∞–∂–æ—Ä–∏—Ç–∞—Ä–µ–Ω', '—Å–æ–±—Å—Ç–≤–µ–Ω–∏–∫', '–Ω–∞', '–∫—Ç–±']",25,12,0,0
"–æ—Ä—Ç–∞—Ü–∏—Ç–µ -–ø—Ä–µ–¥–∏ –∏ —Å–µ–≥–∞. –∑–∞ –æ–±—â–æ—Ç–æ –º–µ–∂–¥—É –±–æ—Ä–∏—Å–æ–≤ –∏ –ø–µ–µ–≤—Å–∫–∏ —â–µ —Ä–∞–∑–∫–∞–∂–µ, –∫–∞–∫—Ç–æ –Ω–∏–∫–æ–π –¥–æ—Å–µ–≥–∞, –±–∏–≤—à–∏—è—Ç –º–∞–∂–æ—Ä–∏—Ç–∞—Ä–µ–Ω —Å–æ–±—Å—Ç–≤–µ–Ω–∏–∫ –Ω–∞ –∫—Ç–± —Ü–≤–µ—Ç–∞–Ω –≤–∞—Å–∏–ª–µ–≤.",13-01-21 15:17,1338,179,40,frognews.bg,0,–≤–∞—Å–∏–ª–µ–≤.,True,22,5.545454545,0,"['–æ—Ä—Ç–∞—Ü–∏—Ç–µ', '-–ø—Ä–µ–¥–∏', '–∏', '—Å–µ–≥–∞', '.', '–∑–∞', '–æ–±—â–æ—Ç–æ', '–º–µ–∂–¥—É', '–±–æ—Ä–∏—Å–æ–≤', '–∏', '–ø–µ–µ–≤—Å–∫–∏', '—â–µ', '—Ä–∞–∑–∫–∞–∂–µ', ',', '–∫–∞–∫—Ç–æ', '–Ω–∏–∫–æ–π', '–¥–æ—Å–µ–≥–∞', ',', '–±–∏–≤—à–∏—è—Ç', '–º–∞–∂–æ—Ä–∏—Ç–∞—Ä–µ–Ω', '—Å–æ–±—Å—Ç–≤–µ–Ω–∏–∫', '–Ω–∞', '–∫—Ç–±', '—Ü–≤–µ—Ç–∞–Ω', '–≤–∞—Å–∏–ª–µ–≤', '.']","['–æ—Ä—Ç–∞—Ü–∏—Ç–µ', '–ø—Ä–µ–¥–∏', '–∏', '—Å–µ–≥–∞', '–∑–∞', '–æ–±—â–æ—Ç–æ', '–º–µ–∂–¥—É', '–±–æ—Ä–∏—Å–æ–≤', '–∏', '–ø–µ–µ–≤—Å–∫–∏', '—â–µ', '—Ä–∞–∑–∫–∞–∂–µ', '–∫–∞–∫—Ç–æ', '–Ω–∏–∫–æ–π', '–¥–æ—Å–µ–≥–∞', '–±–∏–≤—à–∏—è—Ç', '–º–∞–∂–æ—Ä–∏—Ç–∞—Ä–µ–Ω', '—Å–æ–±—Å—Ç–≤–µ–Ω–∏–∫', '–Ω–∞', '–∫—Ç–±', '—Ü–≤–µ—Ç–∞–Ω', '–≤–∞—Å–∏–ª–µ–≤']",11,5,0,0
–¥–Ω–µ—Å –∑–∞–ø–æ—á–≤–∞ –Ω–∞–π-–≥–æ–ª–µ–º–∏—è—Ç –ø—Ä–æ—Ü–µ—Å —Å—Ä–µ—â—É –º–∞—Ñ–∏—è—Ç–∞ –ø—Ä–µ–∑ –ø–æ—Å–ª–µ–¥–Ω–∏—Ç–µ –¥–µ—Å–µ—Ç–∏–ª–µ—Ç–∏—è. –ø—Ä–µ–¥ —Å—ä–¥–∞ –≤ –∏—Ç–∞–ª–∏—è —â–µ —Å–µ –∏–∑–ø—Ä–∞–≤—è—Ç 355 –ø—Ä–µ–¥–ø–æ–ª–∞–≥–∞–µ–º–∏ —á–ª–µ–Ω–æ–≤–µ –Ω–∞ –º–æ–≥—ä—â–∞—Ç–∞ –º–∞—Ñ–∏–æ—Ç—Å–∫–∞ –≥—Ä—É–ø–∞ –Ω–¥—Ä–∞–Ω–≥–µ—Ç–∞. –Ω–∞–¥ —Ö–∏–ª—è–¥–∞ –∞–¥–≤–æ–∫–∞—Ç–∞ –∏ –æ—â–µ —Ç–æ–ª–∫–æ–≤–∞ –µ–∫—Å–ø–µ—Ä—Ç–∏ —Å–∞ –∞–Ω–≥–∞–∂–∏—Ä–∞–Ω–∏ –≤ –Ω–∞—Ä–∏—á–∞–Ω–∏—è ‚Äû–ø—Ä–æ—Ü–µ—Å –Ω–∞ –≤–µ–∫–∞‚Äú.,13-01-21 9:16,1819,403,86,frognews.bg,0,–≤–µ–∫–∞‚Äú.,True,38,5.894736842,0,"['–¥–Ω–µ—Å', '–∑–∞–ø–æ—á–≤–∞', '–Ω–∞–π-–≥–æ–ª–µ–º–∏—è—Ç', '–ø—Ä–æ—Ü–µ—Å', '—Å—Ä–µ—â—É', '–º–∞—Ñ–∏—è—Ç–∞', '–ø—Ä–µ–∑', '–ø–æ—Å–ª–µ–¥–Ω–∏—Ç–µ', '–¥–µ—Å–µ—Ç–∏–ª–µ—Ç–∏—è', '.', '–ø—Ä–µ–¥', '—Å—ä–¥–∞', '–≤', '–∏—Ç–∞–ª–∏—è', '—â–µ', '—Å–µ', '–∏–∑–ø—Ä–∞–≤—è—Ç', '355', '–ø—Ä–µ–¥–ø–æ–ª–∞–≥–∞–µ–º–∏', '—á–ª–µ–Ω–æ–≤–µ', '–Ω–∞', '–º–æ–≥—ä—â–∞—Ç–∞', '–º–∞—Ñ–∏–æ—Ç—Å–∫–∞', '–≥—Ä—É–ø–∞', '–Ω–¥—Ä–∞–Ω–≥–µ—Ç–∞', '.', '–Ω–∞–¥', '—Ö–∏–ª—è–¥–∞', '–∞–¥–≤–æ–∫–∞—Ç–∞', '–∏', '–æ—â–µ', '—Ç–æ–ª–∫–æ–≤–∞', '–µ–∫—Å–ø–µ—Ä—Ç–∏', '—Å–∞', '–∞–Ω–≥–∞–∂–∏—Ä–∞–Ω–∏', '–≤', '–Ω–∞—Ä–∏—á–∞–Ω–∏—è', '‚Äû', '–ø—Ä–æ—Ü–µ—Å', '–Ω–∞', '–≤–µ–∫–∞', '‚Äú', '.']","['–¥–Ω–µ—Å', '–∑–∞–ø–æ—á–≤–∞', '–Ω–∞–π–≥–æ–ª–µ–º–∏—è—Ç', '–ø—Ä–æ—Ü–µ—Å', '—Å—Ä–µ—â—É', '–º–∞—Ñ–∏—è—Ç–∞', '–ø—Ä–µ–∑', '–ø–æ—Å–ª–µ–¥–Ω–∏—Ç–µ', '–¥–µ—Å–µ—Ç–∏–ª–µ—Ç–∏—è', '–ø—Ä–µ–¥', '—Å—ä–¥–∞', '–≤', '–∏—Ç–∞–ª–∏—è', '—â–µ', '—Å–µ', '–∏–∑–ø—Ä–∞–≤—è—Ç', '355', '–ø—Ä–µ–¥–ø–æ–ª–∞–≥–∞–µ–º–∏', '—á–ª–µ–Ω–æ–≤–µ', '–Ω–∞', '–º–æ–≥—ä—â–∞—Ç–∞', '–º–∞—Ñ–∏–æ—Ç—Å–∫–∞', '–≥—Ä—É–ø–∞', '–Ω–¥—Ä–∞–Ω–≥–µ—Ç–∞', '–Ω–∞–¥', '—Ö–∏–ª—è–¥–∞', '–∞–¥–≤–æ–∫–∞—Ç–∞', '–∏', '–æ—â–µ', '—Ç–æ–ª–∫–æ–≤–∞', '–µ–∫—Å–ø–µ—Ä—Ç–∏', '—Å–∞', '–∞–Ω–≥–∞–∂–∏—Ä–∞–Ω–∏', '–≤', '–Ω–∞—Ä–∏—á–∞–Ω–∏—è', '', '–ø—Ä–æ—Ü–µ—Å', '–Ω–∞', '–≤–µ–∫–∞', '']",15,4,0,0
"‚Äù–ø—Ä–∏ –Ω–∞–ª–∏—á–∏–µ—Ç–æ –Ω–∞ –æ–±–≤–∏–Ω–∏—Ç–µ–ª–∏ –∫–∞—Ç–æ —Ü–∞—Ü–∞—Ä–æ–≤ –∏ –≥–µ—à–µ–≤, —Ñ–æ—Ä–º–∞–ª–Ω–∞—Ç–∞ —á–∞—Å—Ç –Ω–∞ ‚Äû–Ω–µ—Ñ–æ—Ä–º–∞–ª–Ω–æ—Ç–æ‚Äù –∏–º –ø–∞—Ä—Ç–Ω—å–æ—Ä—Å—Ç–≤–æ —â–µ –æ—Å—Ç–∞–Ω–µ —Å–∫—Ä–∏—Ç–∞. –Ω–æ —Å–∞–º–æ –≤ –±—ä–ª–≥–∞—Ä–∏—è, –∑–∞—â–æ—Ç–æ —Ñ–∏–Ω–∞–Ω—Å–æ–≤–æ—Ç–æ ‚Äû—Å—ä–≤–∫—É–ø–ª–µ–Ω–∏–µ‚Äù –Ω–∞ ‚Äû—Å–∫—Ä–æ–º–Ω–∏—Ç–µ –ø–æ–ª–∏—Ç–∏—Ü–∏‚Äù –±–æ—Ä–∏—Å–æ–≤ –∏ –ø–µ–µ–≤—Å–∫–∏ –µ –∏–∑–≤–µ—Å—Ç–Ω–æ –Ω–∞ —Ç–æ–∑–∏, –∫–æ–π—Ç–æ —Ç—Ä—è–±–≤–∞ –¥–∞ –∑–Ω–∞–µ‚Äù, –∫–æ–º–µ–Ω—Ç–∏—Ä–∞ —Ü–≤–µ—Ç–∞–Ω –≤–∞—Å–∏–ª–µ–≤ –ø—Ä–µ–¥ liberta.bg.",9/1/2021 14:24,2450,262,50,frognews.bg,0,liberta.bg.,True,43,5.953488372,0,"['‚Äù', '–ø—Ä–∏', '–Ω–∞–ª–∏—á–∏–µ—Ç–æ', '–Ω–∞', '–æ–±–≤–∏–Ω–∏—Ç–µ–ª–∏', '–∫–∞—Ç–æ', '—Ü–∞—Ü–∞—Ä–æ–≤', '–∏', '–≥–µ—à–µ–≤', ',', '—Ñ–æ—Ä–º–∞–ª–Ω–∞—Ç–∞', '—á–∞—Å—Ç', '–Ω–∞', '‚Äû', '–Ω–µ—Ñ–æ—Ä–º–∞–ª–Ω–æ—Ç–æ', '‚Äù', '–∏–º', '–ø–∞—Ä—Ç–Ω—å–æ—Ä—Å—Ç–≤–æ', '—â–µ', '–æ—Å—Ç–∞–Ω–µ', '—Å–∫—Ä–∏—Ç–∞', '.', '–Ω–æ', '—Å–∞–º–æ', '–≤', '–±—ä–ª–≥–∞—Ä–∏—è', ',', '–∑–∞—â–æ—Ç–æ', '—Ñ–∏–Ω–∞–Ω—Å–æ–≤–æ—Ç–æ', '‚Äû', '—Å—ä–≤–∫—É–ø–ª–µ–Ω–∏–µ', '‚Äù', '–Ω–∞', '‚Äû', '—Å–∫—Ä–æ–º–Ω–∏—Ç–µ', '–ø–æ–ª–∏—Ç–∏—Ü–∏', '‚Äù', '–±–æ—Ä–∏—Å–æ–≤', '–∏', '–ø–µ–µ–≤—Å–∫–∏', '–µ', '–∏–∑–≤–µ—Å—Ç–Ω–æ', '–Ω–∞', '—Ç–æ–∑–∏', ',', '–∫–æ–π—Ç–æ', '—Ç—Ä—è–±–≤–∞', '–¥–∞', '–∑–Ω–∞–µ', '‚Äù', ',', '–∫–æ–º–µ–Ω—Ç–∏—Ä–∞', '—Ü–≤–µ—Ç–∞–Ω', '–≤–∞—Å–∏–ª–µ–≤', '–ø—Ä–µ–¥', 'liberta.bg', '.']","['', '–ø—Ä–∏', '–Ω–∞–ª–∏—á–∏–µ—Ç–æ', '–Ω–∞', '–æ–±–≤–∏–Ω–∏—Ç–µ–ª–∏', '–∫–∞—Ç–æ', '—Ü–∞—Ü–∞—Ä–æ–≤', '–∏', '–≥–µ—à–µ–≤', '—Ñ–æ—Ä–º–∞–ª–Ω–∞—Ç–∞', '—á–∞—Å—Ç', '–Ω–∞', '', '–Ω–µ—Ñ–æ—Ä–º–∞–ª–Ω–æ—Ç–æ', '', '–∏–º', '–ø–∞—Ä—Ç–Ω—å–æ—Ä—Å—Ç–≤–æ', '—â–µ', '–æ—Å—Ç–∞–Ω–µ', '—Å–∫—Ä–∏—Ç–∞', '–Ω–æ', '—Å–∞–º–æ', '–≤', '–±—ä–ª–≥–∞—Ä–∏—è', '–∑–∞—â–æ—Ç–æ', '—Ñ–∏–Ω–∞–Ω—Å–æ–≤–æ—Ç–æ', '', '—Å—ä–≤–∫—É–ø–ª–µ–Ω–∏–µ', '', '–Ω–∞', '', '—Å–∫—Ä–æ–º–Ω–∏—Ç–µ', '–ø–æ–ª–∏—Ç–∏—Ü–∏', '', '–±–æ—Ä–∏—Å–æ–≤', '–∏', '–ø–µ–µ–≤—Å–∫–∏', '–µ', '–∏–∑–≤–µ—Å—Ç–Ω–æ', '–Ω–∞', '—Ç–æ–∑–∏', '–∫–æ–π—Ç–æ', '—Ç—Ä—è–±–≤–∞', '–¥–∞', '–∑–Ω–∞–µ', '', '–∫–æ–º–µ–Ω—Ç–∏—Ä–∞', '—Ü–≤–µ—Ç–∞–Ω', '–≤–∞—Å–∏–ª–µ–≤', '–ø—Ä–µ–¥', 'libertabg']",20,7,0,0
"–±–æ—Ä–∏—Å–æ–≤ –æ—Ç–¥–∞–≤–Ω–∞ –∏–º–∞ –ø—Ä–æ–±–ª–µ–º —Å –∂—É—Ä–Ω–∞–ª–∏—Å—Ç–∏—Ç–µ, –∑–∞—â–æ—Ç–æ –Ω–µ –º–æ–∂–µ –¥–∞ –¥–∞–¥–µ –æ—Ç–≥–æ–≤–æ—Ä –Ω–∞ –º–Ω–æ–≥–æ –≤—ä–ø—Ä–æ—Å–∏, –∫–æ–∏—Ç–æ —Å–µ –Ω–∞—Ç—Ä—É–ø–∞—Ö–∞. —Ç–æ–≤–∞ –æ–±—è—Å–Ω–∏ –∂—É—Ä–Ω–∞–ª–∏—Å—Ç—ä—Ç —Å–ø–∞—Å —Å–ø–∞—Å–æ–≤ –ø–æ –ø–æ–≤–æ–¥ ‚Äû–¥—É–ø–∫–∞—Ç–∞‚Äú –≤—ä–≤ –≤–∞—Ä–Ω–∞. —Ç–æ–π –ø–æ—Å–æ—á–∏, —á–µ –ø—Ä–∏ –ø–æ—Å–ª–µ–¥–Ω–æ—Ç–æ –ø–æ—Å–µ—â–µ–Ω–∏–µ –Ω–∞ –ø—Ä–µ–º–∏–µ—Ä–∞ –≤ –≥—Ä–∞–¥–∞ –Ω–µ –µ –∏–º–∞–ª–æ –∂—É—Ä–Ω–∞–ª–∏—Å—Ç–∏, –∞ —Å–∞–º–æ –∫–∞–º–µ—Ä–∏—Ç–µ, –∫–æ–∏—Ç–æ –ø—Ä–µ—Å—ä–∑–¥–∞–≤–∞—Ç –≤–∏—Ä—Ç—É–∞–ª–Ω–∞—Ç–∞ —Ä–µ–∞–ª–Ω–æ—Å—Ç, –≤ –∫–æ—è—Ç–æ —Ç–æ–π —Å—ä—â–µ—Å—Ç–≤—É–≤–∞. –∂—É—Ä–Ω–∞–ª–∏—Å—Ç—ä—Ç –¥–æ–ø—ä–ª–Ω–∏, —á–µ –Ω–∞ –±–æ—Ä–∏—Å–æ–≤ –º—É –ø—Ä–µ—á–∏ –¥–µ–º–æ–∫—Ä–∞—Ü–∏—è—Ç–∞ –∏ –∏—Å–∫–∞ –¥–∞ —Å–µ –∏–∑–æ–ª–∏—Ä–∞.",9/1/2021 10:45,2629,250,121,frognews.bg,0,–∏–∑–æ–ª–∏—Ä–∞.,True,66,5.393939394,0,"['–±–æ—Ä–∏—Å–æ–≤', '–æ—Ç–¥–∞–≤–Ω–∞', '–∏–º–∞', '–ø—Ä–æ–±–ª–µ–º', '—Å', '–∂—É—Ä–Ω–∞–ª–∏—Å—Ç–∏—Ç–µ', ',', '–∑–∞—â–æ—Ç–æ', '–Ω–µ', '–º–æ–∂–µ', '–¥–∞', '–¥–∞–¥–µ', '–æ—Ç–≥–æ–≤–æ—Ä', '–Ω–∞', '–º–Ω–æ–≥–æ', '–≤—ä–ø—Ä–æ—Å–∏', ',', '–∫–æ–∏—Ç–æ', '—Å–µ', '–Ω–∞—Ç—Ä—É–ø–∞—Ö–∞', '.', '—Ç–æ–≤–∞', '–æ–±—è—Å–Ω–∏', '–∂—É—Ä–Ω–∞–ª–∏—Å—Ç—ä—Ç', '—Å–ø–∞—Å', '—Å–ø–∞—Å–æ–≤', '–ø–æ', '–ø–æ–≤–æ–¥', '‚Äû', '–¥—É–ø–∫–∞—Ç–∞', '‚Äú', '–≤—ä–≤', '–≤–∞—Ä–Ω–∞', '.', '—Ç–æ–π', '–ø–æ—Å–æ—á–∏', ',', '—á–µ', '–ø—Ä–∏', '–ø–æ—Å–ª–µ–¥–Ω–æ—Ç–æ', '–ø–æ—Å–µ—â–µ–Ω–∏–µ', '–Ω–∞', '–ø—Ä–µ–º–∏–µ—Ä–∞', '–≤', '–≥—Ä–∞–¥–∞', '–Ω–µ', '–µ', '–∏–º–∞–ª–æ', '–∂—É—Ä–Ω–∞–ª–∏—Å—Ç–∏', ',', '–∞', '—Å–∞–º–æ', '–∫–∞–º–µ—Ä–∏—Ç–µ', ',', '–∫–æ–∏—Ç–æ', '–ø—Ä–µ—Å—ä–∑–¥–∞–≤–∞—Ç', '–≤–∏—Ä—Ç—É–∞–ª–Ω–∞—Ç–∞', '—Ä–µ–∞–ª–Ω–æ—Å—Ç', ',', '–≤', '–∫–æ—è—Ç–æ', '—Ç–æ–π', '—Å—ä—â–µ—Å—Ç–≤—É–≤–∞', '.', '–∂—É—Ä–Ω–∞–ª–∏—Å—Ç—ä—Ç', '–¥–æ–ø—ä–ª–Ω–∏', ',', '—á–µ', '–Ω–∞', '–±–æ—Ä–∏—Å–æ–≤', '–º—É', '–ø—Ä–µ—á–∏', '–¥–µ–º–æ–∫—Ä–∞—Ü–∏—è—Ç–∞', '–∏', '–∏—Å–∫–∞', '–¥–∞', '—Å–µ', '–∏–∑–æ–ª–∏—Ä–∞', '.']","['–±–æ—Ä–∏—Å–æ–≤', '–æ—Ç–¥–∞–≤–Ω–∞', '–∏–º–∞', '–ø—Ä–æ–±–ª–µ–º', '—Å', '–∂—É—Ä–Ω–∞–ª–∏—Å—Ç–∏—Ç–µ', '–∑–∞—â–æ—Ç–æ', '–Ω–µ', '–º–æ–∂–µ', '–¥–∞', '–¥–∞–¥–µ', '–æ—Ç–≥–æ–≤–æ—Ä', '–Ω–∞', '–º–Ω–æ–≥–æ', '–≤—ä–ø—Ä–æ—Å–∏', '–∫–æ–∏—Ç–æ', '—Å–µ', '–Ω–∞—Ç—Ä—É–ø–∞—Ö–∞', '—Ç–æ–≤–∞', '–æ–±—è—Å–Ω–∏', '–∂—É—Ä–Ω–∞–ª–∏—Å—Ç—ä—Ç', '—Å–ø–∞—Å', '—Å–ø–∞—Å–æ–≤', '–ø–æ', '–ø–æ–≤–æ–¥', '', '–¥—É–ø–∫–∞—Ç–∞', '', '–≤—ä–≤', '–≤–∞—Ä–Ω–∞', '—Ç–æ–π', '–ø–æ—Å–æ—á–∏', '—á–µ', '–ø—Ä–∏', '–ø–æ—Å–ª–µ–¥–Ω–æ—Ç–æ', '–ø–æ—Å–µ—â–µ–Ω–∏–µ', '–Ω–∞', '–ø—Ä–µ–º–∏–µ—Ä–∞', '–≤', '–≥—Ä–∞–¥–∞', '–Ω–µ', '–µ', '–∏–º–∞–ª–æ', '–∂—É—Ä–Ω–∞–ª–∏—Å—Ç–∏', '–∞', '—Å–∞–º–æ', '–∫–∞–º–µ—Ä–∏—Ç–µ', '–∫–æ–∏—Ç–æ', '–ø—Ä–µ—Å—ä–∑–¥–∞–≤–∞—Ç', '–≤–∏—Ä—Ç—É–∞–ª–Ω–∞—Ç–∞', '—Ä–µ–∞–ª–Ω–æ—Å—Ç', '–≤', '–∫–æ—è—Ç–æ', '—Ç–æ–π', '—Å—ä—â–µ—Å—Ç–≤—É–≤–∞', '–∂—É—Ä–Ω–∞–ª–∏—Å—Ç—ä—Ç', '–¥–æ–ø—ä–ª–Ω–∏', '—á–µ', '–Ω–∞', '–±–æ—Ä–∏—Å–æ–≤', '–º—É', '–ø—Ä–µ—á–∏', '–¥–µ–º–æ–∫—Ä–∞—Ü–∏—è—Ç–∞', '–∏', '–∏—Å–∫–∞', '–¥–∞', '—Å–µ', '–∏–∑–æ–ª–∏—Ä–∞']",33,11,0,0
"—Å—Ç–∞–Ω–∏—à–µ–≤ –∏ –º–µ—Å—Ç–∞–Ω - –ø—Ä–µ–¥—Å–µ–¥–∞—Ç–µ–ª–∏—Ç–µ –Ω–∞ –¥–≤–µ—Ç–µ –ø–∞—Ä–ª–∞–º–µ–Ω—Ç–∞—Ä–Ω–∏ –≥—Ä—É–ø–∏ –Ω–∞ –º–Ω–æ–∑–∏–Ω—Å—Ç–≤–æ—Ç–æ, –ø—Ä–µ–¥–ª–æ–∂–∏—Ö–∞ –ø–µ–µ–≤—Å–∫–∏ –∑–∞ —à–µ—Ñ –Ω–∞ –¥–∞–Ω—Å. —Å–ª–µ–¥ —Ç–æ–≤–∞ –≤—Å–∏—á–∫–∏ –º—Ä—ä–Ω–∫–∞—Ö–∞, –∏–∑–≤–∏–≤–∞—Ö–∞ —Å–µ - –∏ —Ç–µ, –∏ –ø—Ä–µ–º–∏–µ—Ä—ä—Ç –æ—Ä–µ—à–∞—Ä—Å–∫–∏ –∏ –≤—Å–∏—á–∫–∏ –ø–æ–ª–∏—Ç–∏—á–µ—Å–∫–∏ –º—ä–∂–µ. —á–æ–≤–µ–∫ –Ω–µ —Ç—Ä—è–±–≤–∞ –¥–∞ –ø–æ–µ–º–∞ —á—É–∂–¥–∞ –≤–∏–Ω–∞. –∏–∑–ø–æ–ª–∑–≤–∞—Ö —Å–∞—Ä–∫–∞–∑—ä–º, –Ω–æ –æ—á–µ–≤–∏–¥–Ω–æ –µ –±–∏–ª –Ω–µ—É–º–µ—Å—Ç–µ–Ω –∏ –º–∏ —Å–µ –∑–∞–¥–∞–≤–∞ 7 –≥–æ–¥–∏–Ω–∏ –ø–æ-–∫—ä—Å–Ω–æ —Å—ä—â–∏—è—Ç –≤—ä–ø—Ä–æ—Å. —Å–≥—Ä–µ—à–∏—Ö - –∏ —Å—ä—Å —Å–∞—Ä–∫–∞–∑–º–∞, –∏ —Å —Ç–æ–≤–∞, —á–µ –≥–æ –ø–æ–¥–∫—Ä–µ–ø–∏—Ö.",8/1/2021 20:45,631,73,57,frognews.bg,0,–ø–æ–¥–∫—Ä–µ–ø–∏—Ö.,True,67,4.940298507,0,"['—Å—Ç–∞–Ω–∏—à–µ–≤', '–∏', '–º–µ—Å—Ç–∞–Ω', '-', '–ø—Ä–µ–¥—Å–µ–¥–∞—Ç–µ–ª–∏—Ç–µ', '–Ω–∞', '–¥–≤–µ—Ç–µ', '–ø–∞—Ä–ª–∞–º–µ–Ω—Ç–∞—Ä–Ω–∏', '–≥—Ä—É–ø–∏', '–Ω–∞', '–º–Ω–æ–∑–∏–Ω—Å—Ç–≤–æ—Ç–æ', ',', '–ø—Ä–µ–¥–ª–æ–∂–∏—Ö–∞', '–ø–µ–µ–≤—Å–∫–∏', '–∑–∞', '—à–µ—Ñ', '–Ω–∞', '–¥–∞–Ω—Å', '.', '—Å–ª–µ–¥', '—Ç–æ–≤–∞', '–≤—Å–∏—á–∫–∏', '–º—Ä—ä–Ω–∫–∞—Ö–∞', ',', '–∏–∑–≤–∏–≤–∞—Ö–∞', '—Å–µ', '-', '–∏', '—Ç–µ', ',', '–∏', '–ø—Ä–µ–º–∏–µ—Ä—ä—Ç', '–æ—Ä–µ—à–∞—Ä—Å–∫–∏', '–∏', '–≤—Å–∏—á–∫–∏', '–ø–æ–ª–∏—Ç–∏—á–µ—Å–∫–∏', '–º—ä–∂–µ', '.', '—á–æ–≤–µ–∫', '–Ω–µ', '—Ç—Ä—è–±–≤–∞', '–¥–∞', '–ø–æ–µ–º–∞', '—á—É–∂–¥–∞', '–≤–∏–Ω–∞', '.', '–∏–∑–ø–æ–ª–∑–≤–∞—Ö', '—Å–∞—Ä–∫–∞–∑—ä–º', ',', '–Ω–æ', '–æ—á–µ–≤–∏–¥–Ω–æ', '–µ', '–±–∏–ª', '–Ω–µ—É–º–µ—Å—Ç–µ–Ω', '–∏', '–º–∏', '—Å–µ', '–∑–∞–¥–∞–≤–∞', '7', '–≥–æ–¥–∏–Ω–∏', '–ø–æ-–∫—ä—Å–Ω–æ', '—Å—ä—â–∏—è—Ç', '–≤—ä–ø—Ä–æ—Å', '.', '—Å–≥—Ä–µ—à–∏—Ö', '-', '–∏', '—Å—ä—Å', '—Å–∞—Ä–∫–∞–∑–º–∞', ',', '–∏', '—Å', '—Ç–æ–≤–∞', ',', '—á–µ', '–≥–æ', '–ø–æ–¥–∫—Ä–µ–ø–∏—Ö', '.']","['—Å—Ç–∞–Ω–∏—à–µ–≤', '–∏', '–º–µ—Å—Ç–∞–Ω', '–ø—Ä–µ–¥—Å–µ–¥–∞—Ç–µ–ª–∏—Ç–µ', '–Ω–∞', '–¥–≤–µ—Ç–µ', '–ø–∞—Ä–ª–∞–º–µ–Ω—Ç–∞—Ä–Ω–∏', '–≥—Ä—É–ø–∏', '–Ω–∞', '–º–Ω–æ–∑–∏–Ω—Å—Ç–≤–æ—Ç–æ', '–ø—Ä–µ–¥–ª–æ–∂–∏—Ö–∞', '–ø–µ–µ–≤—Å–∫–∏', '–∑–∞', '—à–µ—Ñ', '–Ω–∞', '–¥–∞–Ω—Å', '—Å–ª–µ–¥', '—Ç–æ–≤–∞', '–≤—Å–∏—á–∫–∏', '–º—Ä—ä–Ω–∫–∞—Ö–∞', '–∏–∑–≤–∏–≤–∞—Ö–∞', '—Å–µ', '–∏', '—Ç–µ', '–∏', '–ø—Ä–µ–º–∏–µ—Ä—ä—Ç', '–æ—Ä–µ—à–∞—Ä—Å–∫–∏', '–∏', '–≤—Å–∏—á–∫–∏', '–ø–æ–ª–∏—Ç–∏—á–µ—Å–∫–∏', '–º—ä–∂–µ', '—á–æ–≤–µ–∫', '–Ω–µ', '—Ç—Ä—è–±–≤–∞', '–¥–∞', '–ø–æ–µ–º–∞', '—á—É–∂–¥–∞', '–≤–∏–Ω–∞', '–∏–∑–ø–æ–ª–∑–≤–∞—Ö', '—Å–∞—Ä–∫–∞–∑—ä–º', '–Ω–æ', '–æ—á–µ–≤–∏–¥–Ω–æ', '–µ', '–±–∏–ª', '–Ω–µ—É–º–µ—Å—Ç–µ–Ω', '–∏', '–º–∏', '—Å–µ', '–∑–∞–¥–∞–≤–∞', '7', '–≥–æ–¥–∏–Ω–∏', '–ø–æ–∫—ä—Å–Ω–æ', '—Å—ä—â–∏—è—Ç', '–≤—ä–ø—Ä–æ—Å', '—Å–≥—Ä–µ—à–∏—Ö', '–∏', '—Å—ä—Å', '—Å–∞—Ä–∫–∞–∑–º–∞', '–∏', '—Å', '—Ç–æ–≤–∞', '—á–µ', '–≥–æ', '–ø–æ–¥–∫—Ä–µ–ø–∏—Ö']",32,15,0,0
"–æ—Ç –±–æ–π–∫–æ –±–æ—Ä–∏—Å–æ–≤ –Ω–∞—É—á–∏—Ö —Å–ª–µ–¥–Ω–æ—Ç–æ: ‚Äû–±–µ–∑ –ø–µ–µ–≤—Å–∫–∏ –Ω–∏—â–æ –Ω–µ –º–æ–∂–µ—à –¥–∞ –ø—Ä–∞–≤–∏—à –≤ —Ç–∞–∑–∏ –¥—ä—Ä–∂–∞–≤–∞, –∑–Ω–∞–µ—à –∫–æ–π –≤–ª–∞–¥–µ–µ —Å—ä–¥–µ–±–Ω–∞—Ç–∞ —Å–∏—Å—Ç–µ–º–∞‚Äú. –≥-–Ω –±–æ—Ä–∏—Å–æ–≤, –±—ä–ª–≥–∞—Ä—Å–∫–æ—Ç–æ –æ–±—â–µ—Å—Ç–≤–æ –µ –≤—Ä–µ–º–µ –¥–∞ —Ä–∞–∑–±–µ—Ä–µ, —á–µ –ø–µ–µ–≤—Å–∫–∏ –µ ‚Äû—Å–º–æ–∫–∏–Ω–æ–≤–∏—è—Ç –ª–∏—Å—Ç‚Äú, —Å –∫–æ–π—Ç–æ –ø—Ä–∏–∫—Ä–∏–≤–∞—Ç–µ –±–µ–∑–æ–±—Ä–∞–∑–∏—è—Ç–∞ –Ω–∞ –Ω–µ–Ω–∞—Å–∏—Ç–Ω–æ—Ç–æ –≤–∏ –µ–≥–æ. —Ç–æ–≤–∞ –Ω–∞–ø–∏—Å–∞ –¥–Ω–µ—Å –≤ –æ—Ç–≤–æ—Ä–µ–Ω–æ –ø–∏—Å–º–æ —Å—ä–ø—Ä—É–≥–∞—Ç–∞ –Ω–∞ —à–µ—Ñ–∞ –Ω–∞ –≤–∫—Å –ª–æ–∑–∞–Ω –ø–∞–Ω–æ–≤ - –µ–ª–∏—Å–∞–≤–µ—Ç–∞. –µ—Ç–æ —Ü–µ–ª–∏—è—Ç —Ç–µ–∫—Å—Ç:",8/1/2021 15:31,2686,568,94,frognews.bg,0,—Ç–µ–∫—Å—Ç:,True,59,5.237288136,0,"['–æ—Ç', '–±–æ–π–∫–æ', '–±–æ—Ä–∏—Å–æ–≤', '–Ω–∞—É—á–∏—Ö', '—Å–ª–µ–¥–Ω–æ—Ç–æ', ':', '‚Äû', '–±–µ–∑', '–ø–µ–µ–≤—Å–∫–∏', '–Ω–∏—â–æ', '–Ω–µ', '–º–æ–∂–µ—à', '–¥–∞', '–ø—Ä–∞–≤–∏—à', '–≤', '—Ç–∞–∑–∏', '–¥—ä—Ä–∂–∞–≤–∞', ',', '–∑–Ω–∞–µ—à', '–∫–æ–π', '–≤–ª–∞–¥–µ–µ', '—Å—ä–¥–µ–±–Ω–∞—Ç–∞', '—Å–∏—Å—Ç–µ–º–∞', '‚Äú', '.', '–≥-–Ω', '–±–æ—Ä–∏—Å–æ–≤', ',', '–±—ä–ª–≥–∞—Ä—Å–∫–æ—Ç–æ', '–æ–±—â–µ—Å—Ç–≤–æ', '–µ', '–≤—Ä–µ–º–µ', '–¥–∞', '—Ä–∞–∑–±–µ—Ä–µ', ',', '—á–µ', '–ø–µ–µ–≤—Å–∫–∏', '–µ', '‚Äû', '—Å–º–æ–∫–∏–Ω–æ–≤–∏—è—Ç', '–ª–∏—Å—Ç', '‚Äú', ',', '—Å', '–∫–æ–π—Ç–æ', '–ø—Ä–∏–∫—Ä–∏–≤–∞—Ç–µ', '–±–µ–∑–æ–±—Ä–∞–∑–∏—è—Ç–∞', '–Ω–∞', '–Ω–µ–Ω–∞—Å–∏—Ç–Ω–æ—Ç–æ', '–≤–∏', '–µ–≥–æ', '.', '—Ç–æ–≤–∞', '–Ω–∞–ø–∏—Å–∞', '–¥–Ω–µ—Å', '–≤', '–æ—Ç–≤–æ—Ä–µ–Ω–æ', '–ø–∏—Å–º–æ', '—Å—ä–ø—Ä—É–≥–∞—Ç–∞', '–Ω–∞', '—à–µ—Ñ–∞', '–Ω–∞', '–≤–∫—Å', '–ª–æ–∑–∞–Ω', '–ø–∞–Ω–æ–≤', '-', '–µ–ª–∏—Å–∞–≤–µ—Ç–∞', '.', '–µ—Ç–æ', '—Ü–µ–ª–∏—è—Ç', '—Ç–µ–∫—Å—Ç', ':']","['–æ—Ç', '–±–æ–π–∫–æ', '–±–æ—Ä–∏—Å–æ–≤', '–Ω–∞—É—á–∏—Ö', '—Å–ª–µ–¥–Ω–æ—Ç–æ', '', '–±–µ–∑', '–ø–µ–µ–≤—Å–∫–∏', '–Ω–∏—â–æ', '–Ω–µ', '–º–æ–∂–µ—à', '–¥–∞', '–ø—Ä–∞–≤–∏—à', '–≤', '—Ç–∞–∑–∏', '–¥—ä—Ä–∂–∞–≤–∞', '–∑–Ω–∞–µ—à', '–∫–æ–π', '–≤–ª–∞–¥–µ–µ', '—Å—ä–¥–µ–±–Ω–∞—Ç–∞', '—Å–∏—Å—Ç–µ–º–∞', '', '–≥–Ω', '–±–æ—Ä–∏—Å–æ–≤', '–±—ä–ª–≥–∞—Ä—Å–∫–æ—Ç–æ', '–æ–±—â–µ—Å—Ç–≤–æ', '–µ', '–≤—Ä–µ–º–µ', '–¥–∞', '—Ä–∞–∑–±–µ—Ä–µ', '—á–µ', '–ø–µ–µ–≤—Å–∫–∏', '–µ', '', '—Å–º–æ–∫–∏–Ω–æ–≤–∏—è—Ç', '–ª–∏—Å—Ç', '', '—Å', '–∫–æ–π—Ç–æ', '–ø—Ä–∏–∫—Ä–∏–≤–∞—Ç–µ', '–±–µ–∑–æ–±—Ä–∞–∑–∏—è—Ç–∞', '–Ω–∞', '–Ω–µ–Ω–∞—Å–∏—Ç–Ω–æ—Ç–æ', '–≤–∏', '–µ–≥–æ', '—Ç–æ–≤–∞', '–Ω–∞–ø–∏—Å–∞', '–¥–Ω–µ—Å', '–≤', '–æ—Ç–≤–æ—Ä–µ–Ω–æ', '–ø–∏—Å–º–æ', '—Å—ä–ø—Ä—É–≥–∞—Ç–∞', '–Ω–∞', '—à–µ—Ñ–∞', '–Ω–∞', '–≤–∫—Å', '–ª–æ–∑–∞–Ω', '–ø–∞–Ω–æ–≤', '–µ–ª–∏—Å–∞–≤–µ—Ç–∞', '–µ—Ç–æ', '—Ü–µ–ª–∏—è—Ç', '—Ç–µ–∫—Å—Ç']",23,11,0,0
"–¥–æ–Ω–∞–ª–¥ —Ç—Ä—ä–º–ø –µ –Ω–∞—Ä—É—à–∏–ª 250-–≥–æ–¥–∏—à–Ω–æ—Ç–æ —Å–ø–æ—Ä–∞–∑—É–º–µ–Ω–∏–µ –Ω–∞ –∫—Ä–∞–ª—Å–∫–∏—è –ø–æ–ª–∏—Ç–∏—á–µ—Å–∫–∏ –µ–ª–∏—Ç –∏ —Ç–µ—Ö–Ω–∏—Ç–µ –±–∞–Ω–∫–∏. –Ω–∞—á–∞–ª–æ—Ç–æ –µ –ø–æ–ª–æ–∂–µ–Ω–æ –ø—Ä–µ–∑ 1760 –≥–æ–¥–∏–Ω–∞ –æ—Ç –±–∞–Ω–∫–æ–≤–∞—Ç–∞ –∏–º–ø–µ—Ä–∏—è –Ω–∞ —Ä–æ—Ç—à–∏–ª–¥. –æ—Ç—Ç–æ–≥–∞–≤–∞ —Å–µ —Å—á–∏—Ç–∞, —á–µ —Ä–∞–±–æ—Ç–∏ –∏ –≤–ª–∞—Å—Ç–≤–∞ —Å–≤–µ—Ç–æ–≤–Ω–æ—Ç–æ –ø—Ä–∞–≤–∏—Ç–µ–ª—Å—Ç–≤–æ. —Ç—Ä—ä–º–ø –µ –Ω–∞—Ä—É—à–∏–ª –ø–æ–Ω–µ –Ω—è–∫–æ–ª–∫–æ –æ—Ç –æ—Å–Ω–æ–≤–Ω–∏—Ç–µ –ø—Ä–∞–≤–∏–ª–∞ –Ω–∞ –≤–ª–∞—Å—Ç–µ–ª–∏–Ω–∏—Ç–µ ‚Äì –Ω–∏–∫–æ–≥–∞ —Å—Ä–µ—â—É –∫–æ–Ω—Å—Ç–∏—Ç—É—Ü–∏—è—Ç–∞, –Ω–∏–∫–æ–≥–∞ —Å—Ä–µ—â—É –∏–Ω—Å—Ç–∏—Ç—É—Ü–∏–∏—Ç–µ, –Ω–∏–∫–æ–≥–∞ —Å—Ä–µ—â—É –≥—Ä–∞–∂–¥–∞–Ω–∏—Ç–µ –∏ –ø—Ä.",8/1/2021 13:06,1422,929,97,frognews.bg,0,–ø—Ä.,True,55,5.963636364,0,"['–¥–æ–Ω–∞–ª–¥', '—Ç—Ä—ä–º–ø', '–µ', '–Ω–∞—Ä—É—à–∏–ª', '250-–≥–æ–¥–∏—à–Ω–æ—Ç–æ', '—Å–ø–æ—Ä–∞–∑—É–º–µ–Ω–∏–µ', '–Ω–∞', '–∫—Ä–∞–ª—Å–∫–∏—è', '–ø–æ–ª–∏—Ç–∏—á–µ—Å–∫–∏', '–µ–ª–∏—Ç', '–∏', '—Ç–µ—Ö–Ω–∏—Ç–µ', '–±–∞–Ω–∫–∏', '.', '–Ω–∞—á–∞–ª–æ—Ç–æ', '–µ', '–ø–æ–ª–æ–∂–µ–Ω–æ', '–ø—Ä–µ–∑', '1760', '–≥–æ–¥–∏–Ω–∞', '–æ—Ç', '–±–∞–Ω–∫–æ–≤–∞—Ç–∞', '–∏–º–ø–µ—Ä–∏—è', '–Ω–∞', '—Ä–æ—Ç—à–∏–ª–¥', '.', '–æ—Ç—Ç–æ–≥–∞–≤–∞', '—Å–µ', '—Å—á–∏—Ç–∞', ',', '—á–µ', '—Ä–∞–±–æ—Ç–∏', '–∏', '–≤–ª–∞—Å—Ç–≤–∞', '—Å–≤–µ—Ç–æ–≤–Ω–æ—Ç–æ', '–ø—Ä–∞–≤–∏—Ç–µ–ª—Å—Ç–≤–æ', '.', '—Ç—Ä—ä–º–ø', '–µ', '–Ω–∞—Ä—É—à–∏–ª', '–ø–æ–Ω–µ', '–Ω—è–∫–æ–ª–∫–æ', '–æ—Ç', '–æ—Å–Ω–æ–≤–Ω–∏—Ç–µ', '–ø—Ä–∞–≤–∏–ª–∞', '–Ω–∞', '–≤–ª–∞—Å—Ç–µ–ª–∏–Ω–∏—Ç–µ', '‚Äì', '–Ω–∏–∫–æ–≥–∞', '—Å—Ä–µ—â—É', '–∫–æ–Ω—Å—Ç–∏—Ç—É—Ü–∏—è—Ç–∞', ',', '–Ω–∏–∫–æ–≥–∞', '—Å—Ä–µ—â—É', '–∏–Ω—Å—Ç–∏—Ç—É—Ü–∏–∏—Ç–µ', ',', '–Ω–∏–∫–æ–≥–∞', '—Å—Ä–µ—â—É', '–≥—Ä–∞–∂–¥–∞–Ω–∏—Ç–µ', '–∏', '–ø—Ä', '.']","['–¥–æ–Ω–∞–ª–¥', '—Ç—Ä—ä–º–ø', '–µ', '–Ω–∞—Ä—É—à–∏–ª', '250–≥–æ–¥–∏—à–Ω–æ—Ç–æ', '—Å–ø–æ—Ä–∞–∑—É–º–µ–Ω–∏–µ', '–Ω–∞', '–∫—Ä–∞–ª—Å–∫–∏—è', '–ø–æ–ª–∏—Ç–∏—á–µ—Å–∫–∏', '–µ–ª–∏—Ç', '–∏', '—Ç–µ—Ö–Ω–∏—Ç–µ', '–±–∞–Ω–∫–∏', '–Ω–∞—á–∞–ª–æ—Ç–æ', '–µ', '–ø–æ–ª–æ–∂–µ–Ω–æ', '–ø—Ä–µ–∑', '1760', '–≥–æ–¥–∏–Ω–∞', '–æ—Ç', '–±–∞–Ω–∫–æ–≤–∞—Ç–∞', '–∏–º–ø–µ—Ä–∏—è', '–Ω–∞', '—Ä–æ—Ç—à–∏–ª–¥', '–æ—Ç—Ç–æ–≥–∞–≤–∞', '—Å–µ', '—Å—á–∏—Ç–∞', '—á–µ', '—Ä–∞–±–æ—Ç–∏', '–∏', '–≤–ª–∞—Å—Ç–≤–∞', '—Å–≤–µ—Ç–æ–≤–Ω–æ—Ç–æ', '–ø—Ä–∞–≤–∏—Ç–µ–ª—Å—Ç–≤–æ', '—Ç—Ä—ä–º–ø', '–µ', '–Ω–∞—Ä—É—à–∏–ª', '–ø–æ–Ω–µ', '–Ω—è–∫–æ–ª–∫–æ', '–æ—Ç', '–æ—Å–Ω–æ–≤–Ω–∏—Ç–µ', '–ø—Ä–∞–≤–∏–ª–∞', '–Ω–∞', '–≤–ª–∞—Å—Ç–µ–ª–∏–Ω–∏—Ç–µ', '', '–Ω–∏–∫–æ–≥–∞', '—Å—Ä–µ—â—É', '–∫–æ–Ω—Å—Ç–∏—Ç—É—Ü–∏—è—Ç–∞', '–Ω–∏–∫–æ–≥–∞', '—Å—Ä–µ—â—É', '–∏–Ω—Å—Ç–∏—Ç—É—Ü–∏–∏—Ç–µ', '–Ω–∏–∫–æ–≥–∞', '—Å—Ä–µ—â—É', '–≥—Ä–∞–∂–¥–∞–Ω–∏—Ç–µ', '–∏', '–ø—Ä']",20,8,0,0
"–≥–µ—Ä–± —Å—ä–±—Ä–∞ –∏–∑–∫–ª—é—á–∏—Ç–µ–ª–µ–Ω —Ä–µ—Å—É—Ä—Å. —Å—ä–±—Ä–∞ –≥–æ, —â–∞–≤–µ–π–∫–∏ –±–∏–∑–Ω–µ—Å–∞ –≤ –ø—Ä–æ–¥—ä–ª–∂–µ–Ω–∏–µ –Ω–∞ 15 –≥–æ–¥–∏–Ω–∏. —Ç–æ–≤–∞ –µ –æ–≥—Ä–æ–º–µ–Ω —Ñ–∏–Ω–∞–Ω—Å–æ–≤ —Ä–µ—Å—É—Ä—Å. —Å—Ä–µ—â—É –Ω–µ–≥–æ –Ω–µ –º–æ–∂–µ –¥–∞ —Å–µ –∏–∑–ø—Ä–∞–≤–∏ –Ω—è–∫–æ–π, –∫–æ–π—Ç–æ —Å –≥—É–º–µ–Ω–∫–∏ –¥–∞ —Å–µ –Ω–∞–¥–±—è–≥–≤–∞ —Å –¥–æ–ø–∏–Ω–≥–∏—Ä–∞–Ω —Å—ä—Å—Ç–µ–∑–∞—Ç–µ–ª. –Ω—è–∫–æ–∏ —Å–º–µ —Å –≥—É–º–µ–Ω–∫–∏, –¥—Ä—É–≥–∏ —Å–∞ —Å –ª–µ–∫–æ –ø–æ-–¥–æ–±—Ä–∏ –æ–±—É–≤–∫–∏, –Ω–æ —Å—ä–æ—Ç–Ω–æ—à–µ–Ω–∏–µ—Ç–æ –≤—ä–≤ —Ñ–∏–Ω–∞–Ω—Å–æ–≤–∏—Ç–µ –≤—ä–∑–º–æ–∂–Ω–æ—Å—Ç–∏ –Ω–∞ –≥–µ—Ä–± –∏ –æ—Å—Ç–∞–Ω–∞–ª–∏—Ç–µ –µ –¥—Ä–∞—Å—Ç–∏—á–Ω–æ.",7/1/2021 19:39,634,99,28,frognews.bg,0,–¥—Ä–∞—Å—Ç–∏—á–Ω–æ.,True,56,5.196428571,0,"['–≥–µ—Ä–±', '—Å—ä–±—Ä–∞', '–∏–∑–∫–ª—é—á–∏—Ç–µ–ª–µ–Ω', '—Ä–µ—Å—É—Ä—Å', '.', '—Å—ä–±—Ä–∞', '–≥–æ', ',', '—â–∞–≤–µ–π–∫–∏', '–±–∏–∑–Ω–µ—Å–∞', '–≤', '–ø—Ä–æ–¥—ä–ª–∂–µ–Ω–∏–µ', '–Ω–∞', '15', '–≥–æ–¥–∏–Ω–∏', '.', '—Ç–æ–≤–∞', '–µ', '–æ–≥—Ä–æ–º–µ–Ω', '—Ñ–∏–Ω–∞–Ω—Å–æ–≤', '—Ä–µ—Å—É—Ä—Å', '.', '—Å—Ä–µ—â—É', '–Ω–µ–≥–æ', '–Ω–µ', '–º–æ–∂–µ', '–¥–∞', '—Å–µ', '–∏–∑–ø—Ä–∞–≤–∏', '–Ω—è–∫–æ–π', ',', '–∫–æ–π—Ç–æ', '—Å', '–≥—É–º–µ–Ω–∫–∏', '–¥–∞', '—Å–µ', '–Ω–∞–¥–±—è–≥–≤–∞', '—Å', '–¥–æ–ø–∏–Ω–≥–∏—Ä–∞–Ω', '—Å—ä—Å—Ç–µ–∑–∞—Ç–µ–ª', '.', '–Ω—è–∫–æ–∏', '—Å–º–µ', '—Å', '–≥—É–º–µ–Ω–∫–∏', ',', '–¥—Ä—É–≥–∏', '—Å–∞', '—Å', '–ª–µ–∫–æ', '–ø–æ-–¥–æ–±—Ä–∏', '–æ–±—É–≤–∫–∏', ',', '–Ω–æ', '—Å—ä–æ—Ç–Ω–æ—à–µ–Ω–∏–µ—Ç–æ', '–≤—ä–≤', '—Ñ–∏–Ω–∞–Ω—Å–æ–≤–∏—Ç–µ', '–≤—ä–∑–º–æ–∂–Ω–æ—Å—Ç–∏', '–Ω–∞', '–≥–µ—Ä–±', '–∏', '–æ—Å—Ç–∞–Ω–∞–ª–∏—Ç–µ', '–µ', '–¥—Ä–∞—Å—Ç–∏—á–Ω–æ', '.']","['–≥–µ—Ä–±', '—Å—ä–±—Ä–∞', '–∏–∑–∫–ª—é—á–∏—Ç–µ–ª–µ–Ω', '—Ä–µ—Å—É—Ä—Å', '—Å—ä–±—Ä–∞', '–≥–æ', '—â–∞–≤–µ–π–∫–∏', '–±–∏–∑–Ω–µ—Å–∞', '–≤', '–ø—Ä–æ–¥—ä–ª–∂–µ–Ω–∏–µ', '–Ω–∞', '15', '–≥–æ–¥–∏–Ω–∏', '—Ç–æ–≤–∞', '–µ', '–æ–≥—Ä–æ–º–µ–Ω', '—Ñ–∏–Ω–∞–Ω—Å–æ–≤', '—Ä–µ—Å—É—Ä—Å', '—Å—Ä–µ—â—É', '–Ω–µ–≥–æ', '–Ω–µ', '–º–æ–∂–µ', '–¥–∞', '—Å–µ', '–∏–∑–ø—Ä–∞–≤–∏', '–Ω—è–∫–æ–π', '–∫–æ–π—Ç–æ', '—Å', '–≥—É–º–µ–Ω–∫–∏', '–¥–∞', '—Å–µ', '–Ω–∞–¥–±—è–≥–≤–∞', '—Å', '–¥–æ–ø–∏–Ω–≥–∏—Ä–∞–Ω', '—Å—ä—Å—Ç–µ–∑–∞—Ç–µ–ª', '–Ω—è–∫–æ–∏', '—Å–º–µ', '—Å', '–≥—É–º–µ–Ω–∫–∏', '–¥—Ä—É–≥–∏', '—Å–∞', '—Å', '–ª–µ–∫–æ', '–ø–æ–¥–æ–±—Ä–∏', '–æ–±—É–≤–∫–∏', '–Ω–æ', '—Å—ä–æ—Ç–Ω–æ—à–µ–Ω–∏–µ—Ç–æ', '–≤—ä–≤', '—Ñ–∏–Ω–∞–Ω—Å–æ–≤–∏—Ç–µ', '–≤—ä–∑–º–æ–∂–Ω–æ—Å—Ç–∏', '–Ω–∞', '–≥–µ—Ä–±', '–∏', '–æ—Å—Ç–∞–Ω–∞–ª–∏—Ç–µ', '–µ', '–¥—Ä–∞—Å—Ç–∏—á–Ω–æ']",29,10,0,0
"–ª–æ–≥–∏—á–Ω–æ –µ –ø–∞—Ä—Ç–∏—è—Ç–∞ –Ω–∞ –≥-–Ω –ø–µ–µ–≤—Å–∫–∏ /–¥–ø—Å/ –¥–∞ –ø–æ–¥–∫—Ä–µ–ø–∏ –±–æ—Ä–∏—Å–æ–≤ –∑–∞ –ø—Ä–µ–∑–∏–¥–µ–Ω—Ç—Å–∫–∏—Ç–µ –∏–∑–æ—Ä–∏. —Ç–µ —Å–∞ –∫–∞–∫—Ç–æ –∑–Ω–∞–µ—Ç–µ –æ—Ä—Ç–∞—Ü–∏ –≤ –±–∏–∑–Ω–µ—Å–∞ –∏ –ø–æ–ª–∏—Ç–∏–∫–∞—Ç–∞. –æ—â–µ –ø–æ–≤–µ—á–µ –≥-–Ω –±–æ—Ä–∏—Å–æ–≤ –µ –¥–æ–≤–µ—Ä–µ–Ω–æ—Ç–æ –ª–∏—Ü–µ –Ω–∞ —Ç—É—Ä—Å–∫–∏—è –ø—Ä–µ–∑–∏–¥–µ–Ω—Ç –µ—Ä–¥–æ–≥–∞–Ω, –∫–æ–π—Ç–æ –ø–æ–∑–¥—Ä–∞–≤–∏ –∫–æ–Ω—Ñ–µ—Ä–µ–Ω—Ü–∏—è—Ç–∞ –Ω–∞ –¥–ø—Å. –Ω–æ –∞–∑ –º–∏—Å–ª—è, —á–µ –∏–∑–±–∏—Ä–∞—Ç–µ–ª–∏—Ç–µ –Ω–∞ –¥–ø—Å —Å–∞ —Å–≤–æ–±–æ–¥–Ω–∏ –±—ä–ª–≥–∞—Ä—Å–∫–∏ –≥—Ä–∞–∂–¥–∞–Ω–∏. —Å–∏–≥—É—Ä–Ω–æ —â–µ —Å–µ –∑–∞–º–∏—Å–ª—è—Ç –∑–∞ –∫–∞–∫–≤–æ –æ—Ç–∏–≤–∞—Ç –≥–ª–∞—Å–æ–≤–µ—Ç–µ –∏–º. —Ç–æ–≤–∞ –∫–∞–∑–∞ –ø—Ä–µ–∑–∏–¥–µ–Ω—Ç—ä—Ç —Ä—É–º–µ–Ω —Ä–∞–¥–µ–≤ –ø—Ä–µ–¥ –∂—É—Ä–Ω–∞–ª–∏—Å—Ç–∏.",6/1/2021 12:08,2824,112,183,frognews.bg,0,–∂—É—Ä–Ω–∞–ª–∏—Å—Ç–∏.,True,65,5.384615385,0,"['–ª–æ–≥–∏—á–Ω–æ', '–µ', '–ø–∞—Ä—Ç–∏—è—Ç–∞', '–Ω–∞', '–≥-–Ω', '–ø–µ–µ–≤—Å–∫–∏', '/–¥–ø—Å/', '–¥–∞', '–ø–æ–¥–∫—Ä–µ–ø–∏', '–±–æ—Ä–∏—Å–æ–≤', '–∑–∞', '–ø—Ä–µ–∑–∏–¥–µ–Ω—Ç—Å–∫–∏—Ç–µ', '–∏–∑–æ—Ä–∏', '.', '—Ç–µ', '—Å–∞', '–∫–∞–∫—Ç–æ', '–∑–Ω–∞–µ—Ç–µ', '–æ—Ä—Ç–∞—Ü–∏', '–≤', '–±–∏–∑–Ω–µ—Å–∞', '–∏', '–ø–æ–ª–∏—Ç–∏–∫–∞—Ç–∞', '.', '–æ—â–µ', '–ø–æ–≤–µ—á–µ', '–≥-–Ω', '–±–æ—Ä–∏—Å–æ–≤', '–µ', '–¥–æ–≤–µ—Ä–µ–Ω–æ—Ç–æ', '–ª–∏—Ü–µ', '–Ω–∞', '—Ç—É—Ä—Å–∫–∏—è', '–ø—Ä–µ–∑–∏–¥–µ–Ω—Ç', '–µ—Ä–¥–æ–≥–∞–Ω', ',', '–∫–æ–π—Ç–æ', '–ø–æ–∑–¥—Ä–∞–≤–∏', '–∫–æ–Ω—Ñ–µ—Ä–µ–Ω—Ü–∏—è—Ç–∞', '–Ω–∞', '–¥–ø—Å', '.', '–Ω–æ', '–∞–∑', '–º–∏—Å–ª—è', ',', '—á–µ', '–∏–∑–±–∏—Ä–∞—Ç–µ–ª–∏—Ç–µ', '–Ω–∞', '–¥–ø—Å', '—Å–∞', '—Å–≤–æ–±–æ–¥–Ω–∏', '–±—ä–ª–≥–∞—Ä—Å–∫–∏', '–≥—Ä–∞–∂–¥–∞–Ω–∏', '.', '—Å–∏–≥—É—Ä–Ω–æ', '—â–µ', '—Å–µ', '–∑–∞–º–∏—Å–ª—è—Ç', '–∑–∞', '–∫–∞–∫–≤–æ', '–æ—Ç–∏–≤–∞—Ç', '–≥–ª–∞—Å–æ–≤–µ—Ç–µ', '–∏–º', '.', '—Ç–æ–≤–∞', '–∫–∞–∑–∞', '–ø—Ä–µ–∑–∏–¥–µ–Ω—Ç—ä—Ç', '—Ä—É–º–µ–Ω', '—Ä–∞–¥–µ–≤', '–ø—Ä–µ–¥', '–∂—É—Ä–Ω–∞–ª–∏—Å—Ç–∏', '.']","['–ª–æ–≥–∏—á–Ω–æ', '–µ', '–ø–∞—Ä—Ç–∏—è—Ç–∞', '–Ω–∞', '–≥–Ω', '–ø–µ–µ–≤—Å–∫–∏', '–¥–ø—Å', '–¥–∞', '–ø–æ–¥–∫—Ä–µ–ø–∏', '–±–æ—Ä–∏—Å–æ–≤', '–∑–∞', '–ø—Ä–µ–∑–∏–¥–µ–Ω—Ç—Å–∫–∏—Ç–µ', '–∏–∑–æ—Ä–∏', '—Ç–µ', '—Å–∞', '–∫–∞–∫—Ç–æ', '–∑–Ω–∞–µ—Ç–µ', '–æ—Ä—Ç–∞—Ü–∏', '–≤', '–±–∏–∑–Ω–µ—Å–∞', '–∏', '–ø–æ–ª–∏—Ç–∏–∫–∞—Ç–∞', '–æ—â–µ', '–ø–æ–≤–µ—á–µ', '–≥–Ω', '–±–æ—Ä–∏—Å–æ–≤', '–µ', '–¥–æ–≤–µ—Ä–µ–Ω–æ—Ç–æ', '–ª–∏—Ü–µ', '–Ω–∞', '—Ç—É—Ä—Å–∫–∏—è', '–ø—Ä–µ–∑–∏–¥–µ–Ω—Ç', '–µ—Ä–¥–æ–≥–∞–Ω', '–∫–æ–π—Ç–æ', '–ø–æ–∑–¥—Ä–∞–≤–∏', '–∫–æ–Ω—Ñ–µ—Ä–µ–Ω—Ü–∏—è—Ç–∞', '–Ω–∞', '–¥–ø—Å', '–Ω–æ', '–∞–∑', '–º–∏—Å–ª—è', '—á–µ', '–∏–∑–±–∏—Ä–∞—Ç–µ–ª–∏—Ç–µ', '–Ω–∞', '–¥–ø—Å', '—Å–∞', '—Å–≤–æ–±–æ–¥–Ω–∏', '–±—ä–ª–≥–∞—Ä—Å–∫–∏', '–≥—Ä–∞–∂–¥–∞–Ω–∏', '—Å–∏–≥—É—Ä–Ω–æ', '—â–µ', '—Å–µ', '–∑–∞–º–∏—Å–ª—è—Ç', '–∑–∞', '–∫–∞–∫–≤–æ', '–æ—Ç–∏–≤–∞—Ç', '–≥–ª–∞—Å–æ–≤–µ—Ç–µ', '–∏–º', '—Ç–æ–≤–∞', '–∫–∞–∑–∞', '–ø—Ä–µ–∑–∏–¥–µ–Ω—Ç—ä—Ç', '—Ä—É–º–µ–Ω', '—Ä–∞–¥–µ–≤', '–ø—Ä–µ–¥', '–∂—É—Ä–Ω–∞–ª–∏—Å—Ç–∏']",28,10,0,0
–±–æ—Ä–∏—Å–æ–≤ —Å–µ –≥–æ—Ç–≤–∏ –∑–∞ –ø—Ä–µ–∑–∏–¥–µ–Ω—Ç. —Ç–∞–∫–æ–≤–∞ –æ–ø—Ä–æ—Å—Ç–∞—á–µ–Ω–æ —É–ø—Ä–∞–≤–ª–µ–Ω–∏–µ –Ω–µ –µ –∏–º–∞–ª–æ –æ—Ç –æ—Å–≤–æ–±–æ–∂–¥–µ–Ω–∏–µ—Ç–æ. —Ç–æ–≤–∞ –∫–∞–∑–∞ –ø—Ä–µ–¥ —Ñ—Ä–æ–≥ –Ω—é–∑ –±–∏–≤—à–∏—è—Ç –¥–µ–ø—É—Ç–∞—Ç –æ—Ç –≥–µ—Ä–± –∏ –µ–∫—Å–ø—Ä–µ–¥—Å–µ–¥–∞—Ç–µ–ª –Ω–∞ –∫–æ–º–∏—Å–∏—è—Ç–∞ –ø–æ –¥–æ—Å–∏–µ—Ç–∞—Ç–∞ –º–µ—Ç–æ–¥–∏ –∞–Ω–¥—Ä–µ–µ–≤. –µ—Ç–æ –∫–∞–∫–≤–æ –æ—â–µ –æ–±—è—Å–Ω–∏ —Ç–æ–π –∑–∞ —Å–µ–≥–∞—à–Ω–∞—Ç–∞ –ø–æ–ª–∏—Ç–∏—á–µ—Å–∫–∞ –æ–±—Å—Ç–∞–Ω–æ–≤–∫–∞ –≤ —Å—Ç—Ä–∞–Ω–∞—Ç–∞:,5/1/2021 21:02,1673,201,157,frognews.bg,1,—Å—Ç—Ä–∞–Ω–∞—Ç–∞:,True,41,5.609756098,0,"['–±–æ—Ä–∏—Å–æ–≤', '—Å–µ', '–≥–æ—Ç–≤–∏', '–∑–∞', '–ø—Ä–µ–∑–∏–¥–µ–Ω—Ç', '.', '—Ç–∞–∫–æ–≤–∞', '–æ–ø—Ä–æ—Å—Ç–∞—á–µ–Ω–æ', '—É–ø—Ä–∞–≤–ª–µ–Ω–∏–µ', '–Ω–µ', '–µ', '–∏–º–∞–ª–æ', '–æ—Ç', '–æ—Å–≤–æ–±–æ–∂–¥–µ–Ω–∏–µ—Ç–æ', '.', '—Ç–æ–≤–∞', '–∫–∞–∑–∞', '–ø—Ä–µ–¥', '—Ñ—Ä–æ–≥', '–Ω—é–∑', '–±–∏–≤—à–∏—è—Ç', '–¥–µ–ø—É—Ç–∞—Ç', '–æ—Ç', '–≥–µ—Ä–±', '–∏', '–µ–∫—Å–ø—Ä–µ–¥—Å–µ–¥–∞—Ç–µ–ª', '–Ω–∞', '–∫–æ–º–∏—Å–∏—è—Ç–∞', '–ø–æ', '–¥–æ—Å–∏–µ—Ç–∞—Ç–∞', '–º–µ—Ç–æ–¥–∏', '–∞–Ω–¥—Ä–µ–µ–≤', '.', '–µ—Ç–æ', '–∫–∞–∫–≤–æ', '–æ—â–µ', '–æ–±—è—Å–Ω–∏', '—Ç–æ–π', '–∑–∞', '—Å–µ–≥–∞—à–Ω–∞—Ç–∞', '–ø–æ–ª–∏—Ç–∏—á–µ—Å–∫–∞', '–æ–±—Å—Ç–∞–Ω–æ–≤–∫–∞', '–≤', '—Å—Ç—Ä–∞–Ω–∞—Ç–∞', ':']","['–±–æ—Ä–∏—Å–æ–≤', '—Å–µ', '–≥–æ—Ç–≤–∏', '–∑–∞', '–ø—Ä–µ–∑–∏–¥–µ–Ω—Ç', '—Ç–∞–∫–æ–≤–∞', '–æ–ø—Ä–æ—Å—Ç–∞—á–µ–Ω–æ', '—É–ø—Ä–∞–≤–ª–µ–Ω–∏–µ', '–Ω–µ', '–µ', '–∏–º–∞–ª–æ', '–æ—Ç', '–æ—Å–≤–æ–±–æ–∂–¥–µ–Ω–∏–µ—Ç–æ', '—Ç–æ–≤–∞', '–∫–∞–∑–∞', '–ø—Ä–µ–¥', '—Ñ—Ä–æ–≥', '–Ω—é–∑', '–±–∏–≤—à–∏—è—Ç', '–¥–µ–ø—É—Ç–∞—Ç', '–æ—Ç', '–≥–µ—Ä–±', '–∏', '–µ–∫—Å–ø—Ä–µ–¥—Å–µ–¥–∞—Ç–µ–ª', '–Ω–∞', '–∫–æ–º–∏—Å–∏—è—Ç–∞', '–ø–æ', '–¥–æ—Å–∏–µ—Ç–∞—Ç–∞', '–º–µ—Ç–æ–¥–∏', '–∞–Ω–¥—Ä–µ–µ–≤', '–µ—Ç–æ', '–∫–∞–∫–≤–æ', '–æ—â–µ', '–æ–±—è—Å–Ω–∏', '—Ç–æ–π', '–∑–∞', '—Å–µ–≥–∞—à–Ω–∞—Ç–∞', '–ø–æ–ª–∏—Ç–∏—á–µ—Å–∫–∞', '–æ–±—Å—Ç–∞–Ω–æ–≤–∫–∞', '–≤', '—Å—Ç—Ä–∞–Ω–∞—Ç–∞']",18,4,0,0
"–ø—Ä–æ—Ñ–µ—Å–æ—Ä –≤–µ–ª–∏—Å–ª–∞–≤ –º–∏–Ω–µ–∫–æ–≤ –æ—Ç ‚Äû–æ—Ç—Ä–æ–≤–Ω–æ —Ç—Ä–∏–æ‚Äù –∑–∞—è–≤–∏, —á–µ —Å–µ –æ—Ç–∫–∞–∑–≤–∞ –¥–∞ —É—á–∞—Å—Ç–≤–∞ –Ω–∞ –ø—Ä–µ–¥—Å—Ç–æ—è—â–∏—Ç–µ –∏–∑–±–æ—Ä–∏ –∫–∞—Ç–æ –∫–∞–Ω–¥–∏–¥–∞—Ç –∑–∞ –Ω–∞—Ä–æ–¥–µ–Ω –ø—Ä–µ–¥—Å—Ç–∞–≤–∏—Ç–µ–ª. –∏ –Ω—è–º–∞ –¥–∞ —Å–µ –æ–±–≤—ä—Ä–∑–≤–∞ —Å –ø–æ–ª–∏—Ç–∏—á–µ—Å–∫–∞ –ø–∞—Ä—Ç–∏—è –∏–ª–∏ –≥—Ä–∞–∂–¥–∞–Ω—Å–∫–æ —Å–¥—Ä—É–∂–µ–Ω–∏–µ.",5/1/2021 9:55,2430,86,207,frognews.bg,0,—Å–¥—Ä—É–∂–µ–Ω–∏–µ.,True,31,5.677419355,0,"['–ø—Ä–æ—Ñ–µ—Å–æ—Ä', '–≤–µ–ª–∏—Å–ª–∞–≤', '–º–∏–Ω–µ–∫–æ–≤', '–æ—Ç', '‚Äû', '–æ—Ç—Ä–æ–≤–Ω–æ', '—Ç—Ä–∏–æ', '‚Äù', '–∑–∞—è–≤–∏', ',', '—á–µ', '—Å–µ', '–æ—Ç–∫–∞–∑–≤–∞', '–¥–∞', '—É—á–∞—Å—Ç–≤–∞', '–Ω–∞', '–ø—Ä–µ–¥—Å—Ç–æ—è—â–∏—Ç–µ', '–∏–∑–±–æ—Ä–∏', '–∫–∞—Ç–æ', '–∫–∞–Ω–¥–∏–¥–∞—Ç', '–∑–∞', '–Ω–∞—Ä–æ–¥–µ–Ω', '–ø—Ä–µ–¥—Å—Ç–∞–≤–∏—Ç–µ–ª', '.', '–∏', '–Ω—è–º–∞', '–¥–∞', '—Å–µ', '–æ–±–≤—ä—Ä–∑–≤–∞', '—Å', '–ø–æ–ª–∏—Ç–∏—á–µ—Å–∫–∞', '–ø–∞—Ä—Ç–∏—è', '–∏–ª–∏', '–≥—Ä–∞–∂–¥–∞–Ω—Å–∫–æ', '—Å–¥—Ä—É–∂–µ–Ω–∏–µ', '.']","['–ø—Ä–æ—Ñ–µ—Å–æ—Ä', '–≤–µ–ª–∏—Å–ª–∞–≤', '–º–∏–Ω–µ–∫–æ–≤', '–æ—Ç', '', '–æ—Ç—Ä–æ–≤–Ω–æ', '—Ç—Ä–∏–æ', '', '–∑–∞—è–≤–∏', '—á–µ', '—Å–µ', '–æ—Ç–∫–∞–∑–≤–∞', '–¥–∞', '—É—á–∞—Å—Ç–≤–∞', '–Ω–∞', '–ø—Ä–µ–¥—Å—Ç–æ—è—â–∏—Ç–µ', '–∏–∑–±–æ—Ä–∏', '–∫–∞—Ç–æ', '–∫–∞–Ω–¥–∏–¥–∞—Ç', '–∑–∞', '–Ω–∞—Ä–æ–¥–µ–Ω', '–ø—Ä–µ–¥—Å—Ç–∞–≤–∏—Ç–µ–ª', '–∏', '–Ω—è–º–∞', '–¥–∞', '—Å–µ', '–æ–±–≤—ä—Ä–∑–≤–∞', '—Å', '–ø–æ–ª–∏—Ç–∏—á–µ—Å–∫–∞', '–ø–∞—Ä—Ç–∏—è', '–∏–ª–∏', '–≥—Ä–∞–∂–¥–∞–Ω—Å–∫–æ', '—Å–¥—Ä—É–∂–µ–Ω–∏–µ']",13,3,0,0
—Ä—É–º–µ–Ω —Ä–∞–¥–µ–≤ –Ω–∞—Å—Ä–æ—á–∏ –∏–∑–±–æ—Ä–∏—Ç–µ,14-01-21 17:00,1056,73,443,Novini.bg,0,–∏–∑–±–æ—Ä–∏—Ç–µ,True,4,6.25,0,"['—Ä—É–º–µ–Ω', '—Ä–∞–¥–µ–≤', '–Ω–∞—Å—Ä–æ—á–∏', '–∏–∑–±–æ—Ä–∏—Ç–µ']","['—Ä—É–º–µ–Ω', '—Ä–∞–¥–µ–≤', '–Ω–∞—Å—Ä–æ—á–∏', '–∏–∑–±–æ—Ä–∏—Ç–µ']",0,0,0,0
"—Ü–≤–µ—Ç–∞–Ω–æ–≤ —Ö–≤—ä—Ä–ª–∏ ""–±–æ–º–±–∞"": –∏–º–∞—à–µ –ø–æ–¥–º—è–Ω–∞ –Ω–∞ –≤–æ—Ç–∞, –¥–æ–∫–∞—Ç–æ –±—è—Ö –≤ –≥–µ—Ä–±",12/1/2021 19:30,1359,166,479,petel.bg,1,–≥–µ—Ä–±,True,11,5.0,1,"['—Ü–≤–µ—Ç–∞–Ω–æ–≤', '—Ö–≤—ä—Ä–ª–∏', '``', '–±–æ–º–±–∞', ""''"", ':', '–∏–º–∞—à–µ', '–ø–æ–¥–º—è–Ω–∞', '–Ω–∞', '–≤–æ—Ç–∞', ',', '–¥–æ–∫–∞—Ç–æ', '–±—è—Ö', '–≤', '–≥–µ—Ä–±']","['—Ü–≤–µ—Ç–∞–Ω–æ–≤', '—Ö–≤—ä—Ä–ª–∏', '', '–±–æ–º–±–∞', '', '–∏–º–∞—à–µ', '–ø–æ–¥–º—è–Ω–∞', '–Ω–∞', '–≤–æ—Ç–∞', '–¥–æ–∫–∞—Ç–æ', '–±—è—Ö', '–≤', '–≥–µ—Ä–±']",3,4,0,0
—Ä—É–º–µ–Ω —Ä–∞–¥–µ–≤: –±—Ä–æ–µ–Ω–µ—Ç–æ –Ω–∞ –≥–ª–∞—Å–æ–≤–µ—Ç–µ —Ç—Ä—è–±–≤–∞ –¥–∞ —Å–µ –∏–∑–ª—ä—á–≤–∞ –æ–Ω–ª–∞–π–Ω,9/1/2021 12:58,1751,59,221,petel.bg,0,–æ–Ω–ª–∞–π–Ω,True,10,5.3,0,"['—Ä—É–º–µ–Ω', '—Ä–∞–¥–µ–≤', ':', '–±—Ä–æ–µ–Ω–µ—Ç–æ', '–Ω–∞', '–≥–ª–∞—Å–æ–≤–µ—Ç–µ', '—Ç—Ä—è–±–≤–∞', '–¥–∞', '—Å–µ', '–∏–∑–ª—ä—á–≤–∞', '–æ–Ω–ª–∞–π–Ω']","['—Ä—É–º–µ–Ω', '—Ä–∞–¥–µ–≤', '–±—Ä–æ–µ–Ω–µ—Ç–æ', '–Ω–∞', '–≥–ª–∞—Å–æ–≤–µ—Ç–µ', '—Ç—Ä—è–±–≤–∞', '–¥–∞', '—Å–µ', '–∏–∑–ª—ä—á–≤–∞', '–æ–Ω–ª–∞–π–Ω']",4,1,0,0
"—Ç–æ—à–∫–æ –π–æ—Ä–¥–∞–Ω–æ–≤ —Å–µ –ø–æ—è–≤–∏ –ø—Ä–µ–¥ –ø—Ä–µ–∑–∏–¥–µ–Ω—Ç–∞ —Å –º–∞—Å–∫–∞ ""–º—É—Ç—Ä–∏ –≤—ä–Ω!""",9/1/2021 11:11,1171,20,207,petel.bg,0,"–≤—ä–Ω!""",True,10,5.1,0,"['—Ç–æ—à–∫–æ', '–π–æ—Ä–¥–∞–Ω–æ–≤', '—Å–µ', '–ø–æ—è–≤–∏', '–ø—Ä–µ–¥', '–ø—Ä–µ–∑–∏–¥–µ–Ω—Ç–∞', '—Å', '–º–∞—Å–∫–∞', '``', '–º—É—Ç—Ä–∏', '–≤—ä–Ω', '!', ""''""]","['—Ç–æ—à–∫–æ', '–π–æ—Ä–¥–∞–Ω–æ–≤', '—Å–µ', '–ø–æ—è–≤–∏', '–ø—Ä–µ–¥', '–ø—Ä–µ–∑–∏–¥–µ–Ω—Ç–∞', '—Å', '–º–∞—Å–∫–∞', '', '–º—É—Ç—Ä–∏', '–≤—ä–Ω', '']",3,3,1,0
–∏–∑–≤—ä–Ω—Ä–µ–¥–Ω–æ! –∞–∫—Ü–∏—è –≤ —Ä—É—Å–µ. –∏–º–∞ –º–Ω–æ–≥–æ –∞—Ä–µ—Å—Ç—É–≤–∞–Ω–∏ –ø–æ–ª–∏—Ü–∞–∏. –≤–∑–∏–º–∞–ª–∏ —Å–∞ –ø–∞—Ä–∏ –æ—Ç,8/1/2021 12:06,681,76,166,petel.bg,1,–æ—Ç,False,12,5.25,1,"['–∏–∑–≤—ä–Ω—Ä–µ–¥–Ω–æ', '!', '–∞–∫—Ü–∏—è', '–≤', '—Ä—É—Å–µ', '.', '–∏–º–∞', '–º–Ω–æ–≥–æ', '–∞—Ä–µ—Å—Ç—É–≤–∞–Ω–∏', '–ø–æ–ª–∏—Ü–∞–∏', '.', '–≤–∑–∏–º–∞–ª–∏', '—Å–∞', '–ø–∞—Ä–∏', '–æ—Ç']","['–∏–∑–≤—ä–Ω—Ä–µ–¥–Ω–æ', '–∞–∫—Ü–∏—è', '–≤', '—Ä—É—Å–µ', '–∏–º–∞', '–º–Ω–æ–≥–æ', '–∞—Ä–µ—Å—Ç—É–≤–∞–Ω–∏', '–ø–æ–ª–∏—Ü–∞–∏', '–≤–∑–∏–º–∞–ª–∏', '—Å–∞', '–ø–∞—Ä–∏', '–æ—Ç']",5,3,1,0
–ø—Ä–µ–∑–∏–¥–µ–Ω—Ç—ä—Ç —Ä–∞–¥–µ–≤ –æ–±—è–≤–∏: –±–æ—Ä–∏—Å–æ–≤ –∏ –ø–µ–µ–≤—Å–∫–∏ —Å–∞ –æ—Ä—Ç–∞—Ü–∏. –≥–ª–∞—Å–æ–≤–µ—Ç–µ –Ω–∞ –¥–ø—Å –æ—Ç–∏–≤–∞—Ç –∑–∞,6/1/2021 12:27,920,26,137,petel.bg,1,–∑–∞,False,13,5.230769231,0,"['–ø—Ä–µ–∑–∏–¥–µ–Ω—Ç—ä—Ç', '—Ä–∞–¥–µ–≤', '–æ–±—è–≤–∏', ':', '–±–æ—Ä–∏—Å–æ–≤', '–∏', '–ø–µ–µ–≤—Å–∫–∏', '—Å–∞', '–æ—Ä—Ç–∞—Ü–∏', '.', '–≥–ª–∞—Å–æ–≤–µ—Ç–µ', '–Ω–∞', '–¥–ø—Å', '–æ—Ç–∏–≤–∞—Ç', '–∑–∞']","['–ø—Ä–µ–∑–∏–¥–µ–Ω—Ç—ä—Ç', '—Ä–∞–¥–µ–≤', '–æ–±—è–≤–∏', '–±–æ—Ä–∏—Å–æ–≤', '–∏', '–ø–µ–µ–≤—Å–∫–∏', '—Å–∞', '–æ—Ä—Ç–∞—Ü–∏', '–≥–ª–∞—Å–æ–≤–µ—Ç–µ', '–Ω–∞', '–¥–ø—Å', '–æ—Ç–∏–≤–∞—Ç', '–∑–∞']",4,2,0,0
"—Ä–∞–¥–∞–Ω –∫—ä–Ω–µ–≤: –≥-–Ω –±–æ—Ä–∏—Å–æ–≤, 2020 –≥. –±–µ—à–µ –ø—Ä–æ–≤–∞–ª. –Ω–µ–∞–¥–µ–∫–≤–∞—Ç–Ω–æ—Ç–æ –≤–∏ –ø–æ–≤–µ–¥–µ–Ω–∏–µ —Å—Ç—Ä—É–≤–∞ 15 —Ö–∏–ª—è–¥–∏ –∂–∏–≤–æ—Ç–∞ –∑–∞ 2 –º–µ—Å–µ—Ü–∞",4/1/2021 22:09,645,35,148,petel.bg,1,–º–µ—Å–µ—Ü–∞,True,18,5.111111111,0,"['—Ä–∞–¥–∞–Ω', '–∫—ä–Ω–µ–≤', ':', '–≥-–Ω', '–±–æ—Ä–∏—Å–æ–≤', ',', '2020', '–≥.', '–±–µ—à–µ', '–ø—Ä–æ–≤–∞–ª', '.', '–Ω–µ–∞–¥–µ–∫–≤–∞—Ç–Ω–æ—Ç–æ', '–≤–∏', '–ø–æ–≤–µ–¥–µ–Ω–∏–µ', '—Å—Ç—Ä—É–≤–∞', '15', '—Ö–∏–ª—è–¥–∏', '–∂–∏–≤–æ—Ç–∞', '–∑–∞', '2', '–º–µ—Å–µ—Ü–∞']","['—Ä–∞–¥–∞–Ω', '–∫—ä–Ω–µ–≤', '–≥–Ω', '–±–æ—Ä–∏—Å–æ–≤', '2020', '–≥', '–±–µ—à–µ', '–ø—Ä–æ–≤–∞–ª', '–Ω–µ–∞–¥–µ–∫–≤–∞—Ç–Ω–æ—Ç–æ', '–≤–∏', '–ø–æ–≤–µ–¥–µ–Ω–∏–µ', '—Å—Ç—Ä—É–≤–∞', '15', '—Ö–∏–ª—è–¥–∏', '–∂–∏–≤–æ—Ç–∞', '–∑–∞', '2', '–º–µ—Å–µ—Ü–∞']",5,5,0,0
–æ–±—è–≤–∏—Ö–∞ –¥–∞—Ç–∞—Ç–∞ –∑–∞ –≤—Ä—ä—â–∞–Ω–µ –≤ –∫–ª–∞—Å. –≤—Å–∏—á–∫–∏ —É—á–µ–Ω–∏—Ü–∏ –æ–±—Ä–∞—Ç–Ω–æ –Ω–∞ —É—á–∏–ª–∏—â–µ –æ—Ç,4/1/2021 12:27,1563,234,206,petel.bg,0,–æ—Ç,False,12,4.916666667,0,"['–æ–±—è–≤–∏—Ö–∞', '–¥–∞—Ç–∞—Ç–∞', '–∑–∞', '–≤—Ä—ä—â–∞–Ω–µ', '–≤', '–∫–ª–∞—Å', '.', '–≤—Å–∏—á–∫–∏', '—É—á–µ–Ω–∏—Ü–∏', '–æ–±—Ä–∞—Ç–Ω–æ', '–Ω–∞', '—É—á–∏–ª–∏—â–µ', '–æ—Ç']","['–æ–±—è–≤–∏—Ö–∞', '–¥–∞—Ç–∞—Ç–∞', '–∑–∞', '–≤—Ä—ä—â–∞–Ω–µ', '–≤', '–∫–ª–∞—Å', '–≤—Å–∏—á–∫–∏', '—É—á–µ–Ω–∏—Ü–∏', '–æ–±—Ä–∞—Ç–Ω–æ', '–Ω–∞', '—É—á–∏–ª–∏—â–µ', '–æ—Ç']",5,1,0,0
–∏–¥–≤–∞ –ª—é—Ç–∞ –∑–∏–º–∞. —Å–Ω—è–≥ –Ω–∞–¥ —Ü—è–ª–∞ –±—ä–ª–≥–∞—Ä–∏—è –∏ –º–∏–Ω—É—Å 20 –≥—Ä–∞–¥—É—Å–∞ –æ—Ç,4/1/2021 9:22,2531,746,292,petel.bg,1,–æ—Ç,False,12,4.083333333,0,"['–∏–¥–≤–∞', '–ª—é—Ç–∞', '–∑–∏–º–∞', '.', '—Å–Ω—è–≥', '–Ω–∞–¥', '—Ü—è–ª–∞', '–±—ä–ª–≥–∞—Ä–∏—è', '–∏', '–º–∏–Ω—É—Å', '20', '–≥—Ä–∞–¥—É—Å–∞', '–æ—Ç']","['–∏–¥–≤–∞', '–ª—é—Ç–∞', '–∑–∏–º–∞', '—Å–Ω—è–≥', '–Ω–∞–¥', '—Ü—è–ª–∞', '–±—ä–ª–≥–∞—Ä–∏—è', '–∏', '–º–∏–Ω—É—Å', '20', '–≥—Ä–∞–¥—É—Å–∞', '–æ—Ç']",3,1,0,0
–Ω–æ–≤ –∫—Ä—É–ø–µ–Ω –æ–±–∏—Ä. –æ—Ç–∫—Ä–∞–¥–Ω–∞—Ö–∞ 1 –º–∏–ª–∏–æ–Ω –ª–µ–≤–∞ –æ—Ç –∫—ä—â–∞ –≤,3/1/2021 17:36,819,74,411,petel.bg,1,–≤,False,10,4.2,0,"['–Ω–æ–≤', '–∫—Ä—É–ø–µ–Ω', '–æ–±–∏—Ä', '.', '–æ—Ç–∫—Ä–∞–¥–Ω–∞—Ö–∞', '1', '–º–∏–ª–∏–æ–Ω', '–ª–µ–≤–∞', '–æ—Ç', '–∫—ä—â–∞', '–≤']","['–Ω–æ–≤', '–∫—Ä—É–ø–µ–Ω', '–æ–±–∏—Ä', '–æ—Ç–∫—Ä–∞–¥–Ω–∞—Ö–∞', '1', '–º–∏–ª–∏–æ–Ω', '–ª–µ–≤–∞', '–æ—Ç', '–∫—ä—â–∞', '–≤']",3,1,0,0
"–≥–æ–ª—è–º–∞ —Ç—Ä–∞–≥–µ–¥–∏—è. —à–∞–º–ø–∏–æ–Ω –ø–æ –≥—Ä–µ–±–∞–Ω–µ –≤–¥–∏–≥–Ω–∞ –≤–∏–ª–∞ –∑–∞ 5 –º–∏–ª–∏–æ–Ω–∞ –ª–µ–≤–∞, –Ω–æ –ø–æ—á–∏–Ω–∞ –±–µ–∑ –¥–∞ –ø–æ–∂–∏–≤–µ–µ –≤ –Ω–µ—è",3/1/2021 15:20,686,98,179,petel.bg,1,–Ω–µ—è,True,18,4.444444444,1,"['–≥–æ–ª—è–º–∞', '—Ç—Ä–∞–≥–µ–¥–∏—è', '.', '—à–∞–º–ø–∏–æ–Ω', '–ø–æ', '–≥—Ä–µ–±–∞–Ω–µ', '–≤–¥–∏–≥–Ω–∞', '–≤–∏–ª–∞', '–∑–∞', '5', '–º–∏–ª–∏–æ–Ω–∞', '–ª–µ–≤–∞', ',', '–Ω–æ', '–ø–æ—á–∏–Ω–∞', '–±–µ–∑', '–¥–∞', '–ø–æ–∂–∏–≤–µ–µ', '–≤', '–Ω–µ—è']","['–≥–æ–ª—è–º–∞', '—Ç—Ä–∞–≥–µ–¥–∏—è', '—à–∞–º–ø–∏–æ–Ω', '–ø–æ', '–≥—Ä–µ–±–∞–Ω–µ', '–≤–¥–∏–≥–Ω–∞', '–≤–∏–ª–∞', '–∑–∞', '5', '–º–∏–ª–∏–æ–Ω–∞', '–ª–µ–≤–∞', '–Ω–æ', '–ø–æ—á–∏–Ω–∞', '–±–µ–∑', '–¥–∞', '–ø–æ–∂–∏–≤–µ–µ', '–≤', '–Ω–µ—è']",7,2,0,0
"–æ—Ç –¥–Ω–µ—Å –º–∏–Ω–∏–º–∞–ª–Ω–∞—Ç–∞ –∑–∞–ø–ª–∞—Ç–∞ —Å–µ –≤–¥–∏–≥–∞ —Å 40 –ª–µ–≤–∞, –∞ –Ω–∞–π-–Ω–∏—Å–∫–∏—Ç–µ –ø–µ–Ω—Å–∏–∏ —Å—Ç–∞–≤–∞—Ç 300 –ª–≤.",1/1/2021 10:59,1942,320,354,petel.bg,0,–ª–≤.,True,15,4.6,0,"['–æ—Ç', '–¥–Ω–µ—Å', '–º–∏–Ω–∏–º–∞–ª–Ω–∞—Ç–∞', '–∑–∞–ø–ª–∞—Ç–∞', '—Å–µ', '–≤–¥–∏–≥–∞', '—Å', '40', '–ª–µ–≤–∞', ',', '–∞', '–Ω–∞–π-–Ω–∏—Å–∫–∏—Ç–µ', '–ø–µ–Ω—Å–∏–∏', '—Å—Ç–∞–≤–∞—Ç', '300', '–ª–≤', '.']","['–æ—Ç', '–¥–Ω–µ—Å', '–º–∏–Ω–∏–º–∞–ª–Ω–∞—Ç–∞', '–∑–∞–ø–ª–∞—Ç–∞', '—Å–µ', '–≤–¥–∏–≥–∞', '—Å', '40', '–ª–µ–≤–∞', '–∞', '–Ω–∞–π–Ω–∏—Å–∫–∏—Ç–µ', '–ø–µ–Ω—Å–∏–∏', '—Å—Ç–∞–≤–∞—Ç', '300', '–ª–≤']",5,3,0,0
—á—É–¥–æ –Ω–∞ –∫–æ–ª–µ–¥–∞. —à—É–º–∞—Ö–µ—Ä –ø—Ä–æ—Ö–æ–¥–∏,31-12-20 19:00,2322,54,136,petel.bg,1,–ø—Ä–æ—Ö–æ–¥–∏,True,5,5.4,0,"['—á—É–¥–æ', '–Ω–∞', '–∫–æ–ª–µ–¥–∞', '.', '—à—É–º–∞—Ö–µ—Ä', '–ø—Ä–æ—Ö–æ–¥–∏']","['—á—É–¥–æ', '–Ω–∞', '–∫–æ–ª–µ–¥–∞', '—à—É–º–∞—Ö–µ—Ä', '–ø—Ä–æ—Ö–æ–¥–∏']",1,1,0,0
"–º–Ω–æ–≥–æ —Ç—ä–∂–Ω–∞ –≤–µ—Å—Ç! –ø–æ—á–∏–Ω–∞ –∫—Ä–∞—Å–∏–≤–∞—Ç–∞ –≥–µ—Ä–∏ –≥–æ—á–µ–≤–∞ –æ—Ç ""–æ–≥–ª–µ–¥–∞–ª–∞""",31-12-20 14:37,1334,58,822,petel.bg,1,"""–æ–≥–ª–µ–¥–∞–ª–∞""",True,9,5.777777778,1,"['–º–Ω–æ–≥–æ', '—Ç—ä–∂–Ω–∞', '–≤–µ—Å—Ç', '!', '–ø–æ—á–∏–Ω–∞', '–∫—Ä–∞—Å–∏–≤–∞—Ç–∞', '–≥–µ—Ä–∏', '–≥–æ—á–µ–≤–∞', '–æ—Ç', '``', '–æ–≥–ª–µ–¥–∞–ª–∞', ""''""]","['–º–Ω–æ–≥–æ', '—Ç—ä–∂–Ω–∞', '–≤–µ—Å—Ç', '–ø–æ—á–∏–Ω–∞', '–∫—Ä–∞—Å–∏–≤–∞—Ç–∞', '–≥–µ—Ä–∏', '–≥–æ—á–µ–≤–∞', '–æ—Ç', '', '–æ–≥–ª–µ–¥–∞–ª–∞', '']",2,3,1,0
–æ–≥—Ä–æ–º–Ω–∞ —Ç—Ä–∞–≥–µ–¥–∏—è! —Ç–µ–ª–µ —É–±–∏ –º—ä–∂ –Ω–∞ 42 –≥–æ–¥–∏–Ω–∏ –≤ —Å–≤–∏–ª–µ–Ω–≥—Ä–∞–¥. –±—É—Ç–Ω–∞–ª–æ –≥–æ –µ –≤,29-12-20 11:45,573,75,74,petel.bg,1,–≤,False,14,4.214285714,2,"['–æ–≥—Ä–æ–º–Ω–∞', '—Ç—Ä–∞–≥–µ–¥–∏—è', '!', '—Ç–µ–ª–µ', '—É–±–∏', '–º—ä–∂', '–Ω–∞', '42', '–≥–æ–¥–∏–Ω–∏', '–≤', '—Å–≤–∏–ª–µ–Ω–≥—Ä–∞–¥', '.', '–±—É—Ç–Ω–∞–ª–æ', '–≥–æ', '–µ', '–≤']","['–æ–≥—Ä–æ–º–Ω–∞', '—Ç—Ä–∞–≥–µ–¥–∏—è', '—Ç–µ–ª–µ', '—É–±–∏', '–º—ä–∂', '–Ω–∞', '42', '–≥–æ–¥–∏–Ω–∏', '–≤', '—Å–≤–∏–ª–µ–Ω–≥—Ä–∞–¥', '–±—É—Ç–Ω–∞–ª–æ', '–≥–æ', '–µ', '–≤']",6,2,1,0
–º–∞–Ω–≥—ä—Ä–æ–≤ —á–∞—Å–æ–≤–µ —Å–ª–µ–¥ –¥—É–º–∏—Ç–µ –Ω–∞ –±–æ—Ä–∏—Å–æ–≤: –Ω—è–º–∞ –¥–∞ —Å–µ –≤–∞–∫—Å–∏–Ω–∏—Ä–∞–º,28-12-20 13:25,2196,109,321,petel.bg,0,–≤–∞–∫—Å–∏–Ω–∏—Ä–∞–º,True,10,5.2,0,"['–º–∞–Ω–≥—ä—Ä–æ–≤', '—á–∞—Å–æ–≤–µ', '—Å–ª–µ–¥', '–¥—É–º–∏—Ç–µ', '–Ω–∞', '–±–æ—Ä–∏—Å–æ–≤', ':', '–Ω—è–º–∞', '–¥–∞', '—Å–µ', '–≤–∞–∫—Å–∏–Ω–∏—Ä–∞–º']","['–º–∞–Ω–≥—ä—Ä–æ–≤', '—á–∞—Å–æ–≤–µ', '—Å–ª–µ–¥', '–¥—É–º–∏—Ç–µ', '–Ω–∞', '–±–æ—Ä–∏—Å–æ–≤', '–Ω—è–º–∞', '–¥–∞', '—Å–µ', '–≤–∞–∫—Å–∏–Ω–∏—Ä–∞–º']",5,1,0,0
"–≤—ä–ª—á–µ–≤: –Ω–µ —Å–º–µ –≤—ä–≤ –≤–æ–π–Ω–∞, –º–∞–≥–∞–∑–∏–Ω–∏—Ç–µ —Å–∞ –ø—ä–ª–Ω–∏, –∞ –≤–∫—ä—â–∏ –µ —Ç–æ–ø–ª–æ",27-12-20 19:17,753,26,255,petel.bg,1,—Ç–æ–ø–ª–æ,True,12,4.25,0,"['–≤—ä–ª—á–µ–≤', ':', '–Ω–µ', '—Å–º–µ', '–≤—ä–≤', '–≤–æ–π–Ω–∞', ',', '–º–∞–≥–∞–∑–∏–Ω–∏—Ç–µ', '—Å–∞', '–ø—ä–ª–Ω–∏', ',', '–∞', '–≤–∫—ä—â–∏', '–µ', '—Ç–æ–ø–ª–æ']","['–≤—ä–ª—á–µ–≤', '–Ω–µ', '—Å–º–µ', '–≤—ä–≤', '–≤–æ–π–Ω–∞', '–º–∞–≥–∞–∑–∏–Ω–∏—Ç–µ', '—Å–∞', '–ø—ä–ª–Ω–∏', '–∞', '–≤–∫—ä—â–∏', '–µ', '—Ç–æ–ø–ª–æ']",6,3,0,0
—Ñ–∏—Ä–º–∞—Ç–∞ —Å–æ–±—Å—Ç–≤–µ–Ω–∏–∫ –Ω–∞ –±—É—Å–æ–≤–µ—Ç–µ –∑–∞ –∫—Ä–µ–Ω–≤–∏—Ä—à–∏: –ø—Ä–µ–¥–æ—Å—Ç–∞–≤—è–º–µ –≥–∏ –±–µ–∑–º—ä–∑–º–µ–∑–¥–Ω–æ –∑–∞ —Ç—Ä–∞–Ω—Å–ø–æ—Ä—Ç–∞ –Ω–∞ –≤–∞–∫—Å–∏–Ω–∏—Ç–µ,26-12-20 20:13,767,44,324,petel.bg,0,–≤–∞–∫—Å–∏–Ω–∏—Ç–µ,True,13,6.769230769,0,"['—Ñ–∏—Ä–º–∞—Ç–∞', '—Å–æ–±—Å—Ç–≤–µ–Ω–∏–∫', '–Ω–∞', '–±—É—Å–æ–≤–µ—Ç–µ', '–∑–∞', '–∫—Ä–µ–Ω–≤–∏—Ä—à–∏', ':', '–ø—Ä–µ–¥–æ—Å—Ç–∞–≤—è–º–µ', '–≥–∏', '–±–µ–∑–º—ä–∑–º–µ–∑–¥–Ω–æ', '–∑–∞', '—Ç—Ä–∞–Ω—Å–ø–æ—Ä—Ç–∞', '–Ω–∞', '–≤–∞–∫—Å–∏–Ω–∏—Ç–µ']","['—Ñ–∏—Ä–º–∞—Ç–∞', '—Å–æ–±—Å—Ç–≤–µ–Ω–∏–∫', '–Ω–∞', '–±—É—Å–æ–≤–µ—Ç–µ', '–∑–∞', '–∫—Ä–µ–Ω–≤–∏—Ä—à–∏', '–ø—Ä–µ–¥–æ—Å—Ç–∞–≤—è–º–µ', '–≥–∏', '–±–µ–∑–º—ä–∑–º–µ–∑–¥–Ω–æ', '–∑–∞', '—Ç—Ä–∞–Ω—Å–ø–æ—Ä—Ç–∞', '–Ω–∞', '–≤–∞–∫—Å–∏–Ω–∏—Ç–µ']",5,1,0,0
–ø—Ä–æ–ª–∏–≤–Ω–∏ –¥—ä–∂–¥–æ–≤–µ —Ç–∞–∑–∏ –Ω–æ—â –∏ –≤ —É—Ç—Ä–µ—à–Ω–∏—è –¥–µ–Ω. –Ω–∞ –º–µ—Å—Ç–∞ —â–µ –æ–±—ä—Ä–Ω–µ –Ω–∞ —Å–Ω—è–≥,26-12-20 16:42,621,35,25,petel.bg,0,—Å–Ω—è–≥,True,14,4.071428571,0,"['–ø—Ä–æ–ª–∏–≤–Ω–∏', '–¥—ä–∂–¥–æ–≤–µ', '—Ç–∞–∑–∏', '–Ω–æ—â', '–∏', '–≤', '—É—Ç—Ä–µ—à–Ω–∏—è', '–¥–µ–Ω', '.', '–Ω–∞', '–º–µ—Å—Ç–∞', '—â–µ', '–æ–±—ä—Ä–Ω–µ', '–Ω–∞', '—Å–Ω—è–≥']","['–ø—Ä–æ–ª–∏–≤–Ω–∏', '–¥—ä–∂–¥–æ–≤–µ', '—Ç–∞–∑–∏', '–Ω–æ—â', '–∏', '–≤', '—É—Ç—Ä–µ—à–Ω–∏—è', '–¥–µ–Ω', '–Ω–∞', '–º–µ—Å—Ç–∞', '—â–µ', '–æ–±—ä—Ä–Ω–µ', '–Ω–∞', '—Å–Ω—è–≥']",7,1,0,0
–≤–∞–∫—Å–∏–Ω–∏—Ç–µ –ø—Ä–∏—Å—Ç–∏–≥–Ω–∞—Ö–∞ —Å –∫–∞–º–∏–æ–Ω –Ω–∞ —Ñ–∏—Ä–º–∞ –∑–∞ –∫—Ä–µ–Ω–≤–∏—Ä—à–∏,26-12-20 15:37,1056,369,526,petel.bg,0,–∫—Ä–µ–Ω–≤–∏—Ä—à–∏,True,8,5.625,0,"['–≤–∞–∫—Å–∏–Ω–∏—Ç–µ', '–ø—Ä–∏—Å—Ç–∏–≥–Ω–∞—Ö–∞', '—Å', '–∫–∞–º–∏–æ–Ω', '–Ω–∞', '—Ñ–∏—Ä–º–∞', '–∑–∞', '–∫—Ä–µ–Ω–≤–∏—Ä—à–∏']","['–≤–∞–∫—Å–∏–Ω–∏—Ç–µ', '–ø—Ä–∏—Å—Ç–∏–≥–Ω–∞—Ö–∞', '—Å', '–∫–∞–º–∏–æ–Ω', '–Ω–∞', '—Ñ–∏—Ä–º–∞', '–∑–∞', '–∫—Ä–µ–Ω–≤–∏—Ä—à–∏']",3,0,0,0
"""—à–æ—É—Ç–æ –Ω–∞ –Ω–∏–∫–æ–ª–∞–æ—Å —Ü–∏—Ç–∏—Ä–∏–¥–∏—Å"" —Å–ª–∏–∑–∞ –æ—Ç –µ—Ñ–∏—Ä",25-12-20 21:52,774,13,344,petel.bg,0,–µ—Ñ–∏—Ä,True,7,5.285714286,0,"['``', '—à–æ—É—Ç–æ', '–Ω–∞', '–Ω–∏–∫–æ–ª–∞–æ—Å', '—Ü–∏—Ç–∏—Ä–∏–¥–∏—Å', ""''"", '—Å–ª–∏–∑–∞', '–æ—Ç', '–µ—Ñ–∏—Ä']","['', '—à–æ—É—Ç–æ', '–Ω–∞', '–Ω–∏–∫–æ–ª–∞–æ—Å', '—Ü–∏—Ç–∏—Ä–∏–¥–∏—Å', '', '—Å–ª–∏–∑–∞', '–æ—Ç', '–µ—Ñ–∏—Ä']",2,2,0,0
–±–æ–π–∫–æ –±–æ—Ä–∏—Å–æ–≤: —á–µ—Å—Ç–∏—Ç–æ —Ä–æ–∂–¥–µ—Å—Ç–≤–æ —Ö—Ä–∏—Å—Ç–æ–≤–æ,25-12-20 9:56,1286,14,315,petel.bg,0,—Ö—Ä–∏—Å—Ç–æ–≤–æ,True,5,7.4,0,"['–±–æ–π–∫–æ', '–±–æ—Ä–∏—Å–æ–≤', ':', '—á–µ—Å—Ç–∏—Ç–æ', '—Ä–æ–∂–¥–µ—Å—Ç–≤–æ', '—Ö—Ä–∏—Å—Ç–æ–≤–æ']","['–±–æ–π–∫–æ', '–±–æ—Ä–∏—Å–æ–≤', '—á–µ—Å—Ç–∏—Ç–æ', '—Ä–æ–∂–¥–µ—Å—Ç–≤–æ', '—Ö—Ä–∏—Å—Ç–æ–≤–æ']",0,1,0,0
"–ø—Ä–æ—Ñ. —á–æ—Ä–±–∞–Ω–æ–≤: –Ω–∞ —Ç–æ–∑–∏ –µ—Ç–∞–ø —Ç–µ–∑–∏ –º–µ—Ä–∫–∏ –Ω—è–º–∞ –¥–∞ –¥–∞–¥–∞—Ç —Ä–µ–∑—É–ª—Ç–∞—Ç, —Å–∞–º–æ —â–µ —É–¥—ä–ª–∂–∞—Ç –∞–≥–æ–Ω–∏—è—Ç–∞",24-11-20 8:04,1300,126,117,petel.bg,0,–∞–≥–æ–Ω–∏—è—Ç–∞,True,15,4.933333333,0,"['–ø—Ä–æ—Ñ', '.', '—á–æ—Ä–±–∞–Ω–æ–≤', ':', '–Ω–∞', '—Ç–æ–∑–∏', '–µ—Ç–∞–ø', '—Ç–µ–∑–∏', '–º–µ—Ä–∫–∏', '–Ω—è–º–∞', '–¥–∞', '–¥–∞–¥–∞—Ç', '—Ä–µ–∑—É–ª—Ç–∞—Ç', ',', '—Å–∞–º–æ', '—â–µ', '—É–¥—ä–ª–∂–∞—Ç', '–∞–≥–æ–Ω–∏—è—Ç–∞']","['–ø—Ä–æ—Ñ', '—á–æ—Ä–±–∞–Ω–æ–≤', '–Ω–∞', '—Ç–æ–∑–∏', '–µ—Ç–∞–ø', '—Ç–µ–∑–∏', '–º–µ—Ä–∫–∏', '–Ω—è–º–∞', '–¥–∞', '–¥–∞–¥–∞—Ç', '—Ä–µ–∑—É–ª—Ç–∞—Ç', '—Å–∞–º–æ', '—â–µ', '—É–¥—ä–ª–∂–∞—Ç', '–∞–≥–æ–Ω–∏—è—Ç–∞']",7,3,0,0
"–Ω–µ —Ç—ä—Ä—Å–µ—Ç–µ –ª–µ–∫–∞—Ä, –∞–∫–æ –∏–º–∞—Ç–µ —Ç–µ–º–ø–µ—Ä–∞—Ç—É—Ä–∞. –∏—Å—Ç–∏–Ω—Å–∫–∏—è—Ç —Ç—Ä–µ–≤–æ–∂–µ–Ω —Å–∏–º–ø—Ç–æ–º –∑–∞ –∫–æ–≤–∏–¥ 19 –µ",5/11/2020 20:40,770,277,52,petel.bg,1,–µ,False,13,5.384615385,0,"['–Ω–µ', '—Ç—ä—Ä—Å–µ—Ç–µ', '–ª–µ–∫–∞—Ä', ',', '–∞–∫–æ', '–∏–º–∞—Ç–µ', '—Ç–µ–º–ø–µ—Ä–∞—Ç—É—Ä–∞', '.', '–∏—Å—Ç–∏–Ω—Å–∫–∏—è—Ç', '—Ç—Ä–µ–≤–æ–∂–µ–Ω', '—Å–∏–º–ø—Ç–æ–º', '–∑–∞', '–∫–æ–≤–∏–¥', '19', '–µ']","['–Ω–µ', '—Ç—ä—Ä—Å–µ—Ç–µ', '–ª–µ–∫–∞—Ä', '–∞–∫–æ', '–∏–º–∞—Ç–µ', '—Ç–µ–º–ø–µ—Ä–∞—Ç—É—Ä–∞', '–∏—Å—Ç–∏–Ω—Å–∫–∏—è—Ç', '—Ç—Ä–µ–≤–æ–∂–µ–Ω', '—Å–∏–º–ø—Ç–æ–º', '–∑–∞', '–∫–æ–≤–∏–¥', '19', '–µ']",4,2,0,0
—Å–ª–µ–¥ 6 –º–µ—Å–µ—Ü–∞ –∑–∞ –ø—Ä—ä–≤ –ø—ä—Ç –∂—É—Ä–Ω–∞–ª–∏—Å—Ç–∫–∞ –æ—Ç –±–∏–≤–æ–ª—ä –ø–∏—Ç–∞ –¥–∏—Ä–µ–∫—Ç–Ω–æ –±–æ—Ä–∏—Å–æ–≤: –∏–º–∞—Ç–µ –ª–∏ –¥–µ—Ç–µ –æ—Ç –±–æ—Ä–∏—Å–ª–∞–≤–∞ –π–æ–≤—á–µ–≤–∞? —Ç–æ–π –æ—Ç–≥–æ–≤–æ—Ä–∏,12/9/2020 14:05,1496,103,342,petel.bg,1,–æ—Ç–≥–æ–≤–æ—Ä–∏,False,20,5.0,0,"['—Å–ª–µ–¥', '6', '–º–µ—Å–µ—Ü–∞', '–∑–∞', '–ø—Ä—ä–≤', '–ø—ä—Ç', '–∂—É—Ä–Ω–∞–ª–∏—Å—Ç–∫–∞', '–æ—Ç', '–±–∏–≤–æ–ª—ä', '–ø–∏—Ç–∞', '–¥–∏—Ä–µ–∫—Ç–Ω–æ', '–±–æ—Ä–∏—Å–æ–≤', ':', '–∏–º–∞—Ç–µ', '–ª–∏', '–¥–µ—Ç–µ', '–æ—Ç', '–±–æ—Ä–∏—Å–ª–∞–≤–∞', '–π–æ–≤—á–µ–≤–∞', '?', '—Ç–æ–π', '–æ—Ç–≥–æ–≤–æ—Ä–∏']","['—Å–ª–µ–¥', '6', '–º–µ—Å–µ—Ü–∞', '–∑–∞', '–ø—Ä—ä–≤', '–ø—ä—Ç', '–∂—É—Ä–Ω–∞–ª–∏—Å—Ç–∫–∞', '–æ—Ç', '–±–∏–≤–æ–ª—ä', '–ø–∏—Ç–∞', '–¥–∏—Ä–µ–∫—Ç–Ω–æ', '–±–æ—Ä–∏—Å–æ–≤', '–∏–º–∞—Ç–µ', '–ª–∏', '–¥–µ—Ç–µ', '–æ—Ç', '–±–æ—Ä–∏—Å–ª–∞–≤–∞', '–π–æ–≤—á–µ–≤–∞', '—Ç–æ–π', '–æ—Ç–≥–æ–≤–æ—Ä–∏']",6,2,0,0
"–æ—Ç–∫—Ä–∏—Ö–∞ –º—ä—Ä—Ç—ä–≤ –º–ª–∞–¥–∏—è—Ç –¥–∞—Ä–∏–Ω –∫—Ä–∞–π –¥—Ä–∞–≥–∞–ª–µ–≤—Ü–∏. –ø—Ä–∏—è—Ç–µ–ª–∫–∞—Ç–∞ –º—É –Ω–∞–ø–∏—Å–∞, —á–µ –µ",7/9/2020 18:05,869,95,415,petel.bg,1,–µ,False,11,5.727272727,0,"['–æ—Ç–∫—Ä–∏—Ö–∞', '–º—ä—Ä—Ç—ä–≤', '–º–ª–∞–¥–∏—è—Ç', '–¥–∞—Ä–∏–Ω', '–∫—Ä–∞–π', '–¥—Ä–∞–≥–∞–ª–µ–≤—Ü–∏', '.', '–ø—Ä–∏—è—Ç–µ–ª–∫–∞—Ç–∞', '–º—É', '–Ω–∞–ø–∏—Å–∞', ',', '—á–µ', '–µ']","['–æ—Ç–∫—Ä–∏—Ö–∞', '–º—ä—Ä—Ç—ä–≤', '–º–ª–∞–¥–∏—è—Ç', '–¥–∞—Ä–∏–Ω', '–∫—Ä–∞–π', '–¥—Ä–∞–≥–∞–ª–µ–≤—Ü–∏', '–ø—Ä–∏—è—Ç–µ–ª–∫–∞—Ç–∞', '–º—É', '–Ω–∞–ø–∏—Å–∞', '—á–µ', '–µ']",3,2,0,0
—Ä–æ–¥–∂—ä—Ä —É–æ—Ç—ä—Ä—Å –æ—Ç –ø–∏–Ω–∫ —Ñ–ª–æ–π–¥ –ø—Ä–µ–¥ btv: –¥–æ—à–ª–æ –µ –≤—Ä–µ–º–µ—Ç–æ —Ö–æ—Ä–∞—Ç–∞ –¥–∞ –∏–∑–ª—è–∑–∞—Ç –Ω–∞ —É–ª–∏—Ü–∞—Ç–∞,6/9/2020 19:55,927,74,33,petel.bg,0,—É–ª–∏—Ü–∞—Ç–∞,True,15,4.533333333,0,"['—Ä–æ–¥–∂—ä—Ä', '—É–æ—Ç—ä—Ä—Å', '–æ—Ç', '–ø–∏–Ω–∫', '—Ñ–ª–æ–π–¥', '–ø—Ä–µ–¥', 'btv', ':', '–¥–æ—à–ª–æ', '–µ', '–≤—Ä–µ–º–µ—Ç–æ', '—Ö–æ—Ä–∞—Ç–∞', '–¥–∞', '–∏–∑–ª—è–∑–∞—Ç', '–Ω–∞', '—É–ª–∏—Ü–∞—Ç–∞']","['—Ä–æ–¥–∂—ä—Ä', '—É–æ—Ç—ä—Ä—Å', '–æ—Ç', '–ø–∏–Ω–∫', '—Ñ–ª–æ–π–¥', '–ø—Ä–µ–¥', 'btv', '–¥–æ—à–ª–æ', '–µ', '–≤—Ä–µ–º–µ—Ç–æ', '—Ö–æ—Ä–∞—Ç–∞', '–¥–∞', '–∏–∑–ª—è–∑–∞—Ç', '–Ω–∞', '—É–ª–∏—Ü–∞—Ç–∞']",5,1,0,0
—Å–æ—Ñ–∏—è. —Ä–∞–∑–¥–∞–≤–∞—Ç –∏–≥—Ä–∞—á–∫–∏ –æ—Ç —Ö–∏–ø–æ–ª–µ–Ω–¥ –Ω–∞ –ø–æ–ª–∏—Ü–∞–∏—Ç–µ. –æ—â–µ –≤ https://petel.bg/m/index.php,4/9/2020 20:52,2117,139,327,petel.bg,1,https://petel.bg/m/index.php,True,10,7.5,0,"['—Å–æ—Ñ–∏—è', '.', '—Ä–∞–∑–¥–∞–≤–∞—Ç', '–∏–≥—Ä–∞—á–∫–∏', '–æ—Ç', '—Ö–∏–ø–æ–ª–µ–Ω–¥', '–Ω–∞', '–ø–æ–ª–∏—Ü–∞–∏—Ç–µ', '.', '–æ—â–µ', '–≤', 'https', ':', '//petel.bg/m/index.php']","['—Å–æ—Ñ–∏—è', '—Ä–∞–∑–¥–∞–≤–∞—Ç', '–∏–≥—Ä–∞—á–∫–∏', '–æ—Ç', '—Ö–∏–ø–æ–ª–µ–Ω–¥', '–Ω–∞', '–ø–æ–ª–∏—Ü–∞–∏—Ç–µ', '–æ—â–µ', '–≤', 'https', 'petelbgmindexphp']",4,5,0,0
–ø–∞–∑–∏—Ç–µ –ø—Ä–µ—Å—Ç—ä–ø–Ω–∏—Ü–∏! —Å–∫–∞–Ω–¥–∏—Ä–∞—Ç —Ö–∏–ª—è–¥–∏ –Ω–∞ –ø–ª–æ—â–∞–¥–∞. –æ—â–µ –≤ https://petel.bg/m/index.php,2/9/2020 23:03,554,39,107,petel.bg,0,https://petel.bg/m/index.php,True,9,8.333333333,0,"['–ø–∞–∑–∏—Ç–µ', '–ø—Ä–µ—Å—Ç—ä–ø–Ω–∏—Ü–∏', '!', '—Å–∫–∞–Ω–¥–∏—Ä–∞—Ç', '—Ö–∏–ª—è–¥–∏', '–Ω–∞', '–ø–ª–æ—â–∞–¥–∞', '.', '–æ—â–µ', '–≤', 'https', ':', '//petel.bg/m/index.php']","['–ø–∞–∑–∏—Ç–µ', '–ø—Ä–µ—Å—Ç—ä–ø–Ω–∏—Ü–∏', '—Å–∫–∞–Ω–¥–∏—Ä–∞—Ç', '—Ö–∏–ª—è–¥–∏', '–Ω–∞', '–ø–ª–æ—â–∞–¥–∞', '–æ—â–µ', '–≤', 'https', 'petelbgmindexphp']",4,5,1,0
–Ω–æ–≤–∞ –∞—Ç–∞–∫–∞ –Ω–∞ –ø–æ–ª–∏—Ü–∏—è—Ç–∞ –≤ –º–æ–º–µ–Ω—Ç–∞. –±–∏—è—Ç —Ö–æ—Ä–∞ –∑–∞—Ä–∞–¥–∏ –±–æ–π–∫–æ –±–æ—Ä–∏—Å–æ–≤. –æ—â–µ –≤ https://petel.bg/m/index.php,2/9/2020 22:55,854,316,410,petel.bg,1,https://petel.bg/m/index.php,True,14,6.285714286,0,"['–Ω–æ–≤–∞', '–∞—Ç–∞–∫–∞', '–Ω–∞', '–ø–æ–ª–∏—Ü–∏—è—Ç–∞', '–≤', '–º–æ–º–µ–Ω—Ç–∞', '.', '–±–∏—è—Ç', '—Ö–æ—Ä–∞', '–∑–∞—Ä–∞–¥–∏', '–±–æ–π–∫–æ', '–±–æ—Ä–∏—Å–æ–≤', '.', '–æ—â–µ', '–≤', 'https', ':', '//petel.bg/m/index.php']","['–Ω–æ–≤–∞', '–∞—Ç–∞–∫–∞', '–Ω–∞', '–ø–æ–ª–∏—Ü–∏—è—Ç–∞', '–≤', '–º–æ–º–µ–Ω—Ç–∞', '–±–∏—è—Ç', '—Ö–æ—Ä–∞', '–∑–∞—Ä–∞–¥–∏', '–±–æ–π–∫–æ', '–±–æ—Ä–∏—Å–æ–≤', '–æ—â–µ', '–≤', 'https', 'petelbgmindexphp']",7,5,0,0
–Ω–∞ –∂–∏–≤–æ. –ø—Ä–æ—Ç–µ—Å—Ç—ä—Ç –ø–æ–±–µ—Å–Ω—è–≤–∞ –≤ —Ç–æ–∑–∏ –º–∏–≥. –∂–∏–≤–∞—Ç–∞ –≤–µ—Ä–∏–≥–∞ —Å–µ –∫—ä—Å–∞. –æ—â–µ –≤ https://petel.bg/m/index.php,2/9/2020 21:28,2169,158,600,petel.bg,1,https://petel.bg/m/index.php,True,14,6.071428571,0,"['–Ω–∞', '–∂–∏–≤–æ', '.', '–ø—Ä–æ—Ç–µ—Å—Ç—ä—Ç', '–ø–æ–±–µ—Å–Ω—è–≤–∞', '–≤', '—Ç–æ–∑–∏', '–º–∏–≥', '.', '–∂–∏–≤–∞—Ç–∞', '–≤–µ—Ä–∏–≥–∞', '—Å–µ', '–∫—ä—Å–∞', '.', '–æ—â–µ', '–≤', 'https', ':', '//petel.bg/m/index.php']","['–Ω–∞', '–∂–∏–≤–æ', '–ø—Ä–æ—Ç–µ—Å—Ç—ä—Ç', '–ø–æ–±–µ—Å–Ω—è–≤–∞', '–≤', '—Ç–æ–∑–∏', '–º–∏–≥', '–∂–∏–≤–∞—Ç–∞', '–≤–µ—Ä–∏–≥–∞', '—Å–µ', '–∫—ä—Å–∞', '–æ—â–µ', '–≤', 'https', 'petelbgmindexphp']",6,6,0,0
–∏–∑–≤—ä–Ω—Ä–µ–¥–Ω–æ! –µ—Å–∫–∞–ª–∞—Ü–∏—è –≤ —Å–æ—Ñ–∏—è. –ª–µ—Ç—è—Ç –±–æ–º–±–∏ –∏ –ø—Ä–µ–¥–º–µ—Ç–∏. –æ—â–µ –≤ https://petel.bg/m/index.php,2/9/2020 20:59,2223,181,590,petel.bg,1,https://petel.bg/m/index.php,True,11,7.181818182,1,"['–∏–∑–≤—ä–Ω—Ä–µ–¥–Ω–æ', '!', '–µ—Å–∫–∞–ª–∞—Ü–∏—è', '–≤', '—Å–æ—Ñ–∏—è', '.', '–ª–µ—Ç—è—Ç', '–±–æ–º–±–∏', '–∏', '–ø—Ä–µ–¥–º–µ—Ç–∏', '.', '–æ—â–µ', '–≤', 'https', ':', '//petel.bg/m/index.php']","['–∏–∑–≤—ä–Ω—Ä–µ–¥–Ω–æ', '–µ—Å–∫–∞–ª–∞—Ü–∏—è', '–≤', '—Å–æ—Ñ–∏—è', '–ª–µ—Ç—è—Ç', '–±–æ–º–±–∏', '–∏', '–ø—Ä–µ–¥–º–µ—Ç–∏', '–æ—â–µ', '–≤', 'https', 'petelbgmindexphp']",4,6,1,0
–ø—Ä–∏–∏–∂–¥–∞—Ç —Ö–æ—Ä–∞. –æ–ø–∏—Ç–≤–∞—Ç –¥–∞ –∏–∑–∫–∞—Ä–∞—Ç –¥–µ–ø—É—Ç–∞—Ç–∏—Ç–µ –ø—Ä–µ–∑ –∑–∞–¥–µ–Ω –≤—Ö–æ–¥ –æ—â–µ –≤ https://petel.bg/m/index.php,2/9/2020 11:36,963,67,130,petel.bg,0,https://petel.bg/m/index.php,True,12,7.0,0,"['–ø—Ä–∏–∏–∂–¥–∞—Ç', '—Ö–æ—Ä–∞', '.', '–æ–ø–∏—Ç–≤–∞—Ç', '–¥–∞', '–∏–∑–∫–∞—Ä–∞—Ç', '–¥–µ–ø—É—Ç–∞—Ç–∏—Ç–µ', '–ø—Ä–µ–∑', '–∑–∞–¥–µ–Ω', '–≤—Ö–æ–¥', '–æ—â–µ', '–≤', 'https', ':', '//petel.bg/m/index.php']","['–ø—Ä–∏–∏–∂–¥–∞—Ç', '—Ö–æ—Ä–∞', '–æ–ø–∏—Ç–≤–∞—Ç', '–¥–∞', '–∏–∑–∫–∞—Ä–∞—Ç', '–¥–µ–ø—É—Ç–∞—Ç–∏—Ç–µ', '–ø—Ä–µ–∑', '–∑–∞–¥–µ–Ω', '–≤—Ö–æ–¥', '–æ—â–µ', '–≤', 'https', 'petelbgmindexphp']",4,4,0,0
–Ω–∞–ø—Ä–µ–∂–µ–Ω–∏–µ—Ç–æ –µ—Å–∫–∞–ª–∏—Ä–∞. –ø–æ–ª–∏—Ü–∏—è—Ç–∞ –ø—Ä—ä—Å–∫–∞ —Å –≥–∞–∑ —Ö–æ—Ä–∞—Ç–∞. –æ—â–µ –≤ https://petel.bg/m/index.php,2/9/2020 9:48,1640,219,501,petel.bg,0,https://petel.bg/m/index.php,True,10,7.9,0,"['–Ω–∞–ø—Ä–µ–∂–µ–Ω–∏–µ—Ç–æ', '–µ—Å–∫–∞–ª–∏—Ä–∞', '.', '–ø–æ–ª–∏—Ü–∏—è—Ç–∞', '–ø—Ä—ä—Å–∫–∞', '—Å', '–≥–∞–∑', '—Ö–æ—Ä–∞—Ç–∞', '.', '–æ—â–µ', '–≤', 'https', ':', '//petel.bg/m/index.php']","['–Ω–∞–ø—Ä–µ–∂–µ–Ω–∏–µ—Ç–æ', '–µ—Å–∫–∞–ª–∏—Ä–∞', '–ø–æ–ª–∏—Ü–∏—è—Ç–∞', '–ø—Ä—ä—Å–∫–∞', '—Å', '–≥–∞–∑', '—Ö–æ—Ä–∞—Ç–∞', '–æ—â–µ', '–≤', 'https', 'petelbgmindexphp']",3,5,0,0
–Ω–∞ –∂–∏–≤–æ –æ—Ç —Å–æ—Ñ–∏—è. –æ–ø–∏—Ç–≤–∞—Ç –¥–∞ –ø—Ä–æ–±–∏—è—Ç –∫–æ—Ä–¥–æ–Ω–∞ –∏ –¥–∞ —â—É—Ä–º—É–≤–∞—Ç –Ω–∞—Ä–æ–¥–Ω–æ—Ç–æ —Å—ä–±—Ä–∞–Ω–∏–µ. –æ—â–µ –≤ https://petel.bg/m/index.php,2/9/2020 9:18,1041,25,160,petel.bg,0,https://petel.bg/m/index.php,True,16,6.125,0,"['–Ω–∞', '–∂–∏–≤–æ', '–æ—Ç', '—Å–æ—Ñ–∏—è', '.', '–æ–ø–∏—Ç–≤–∞—Ç', '–¥–∞', '–ø—Ä–æ–±–∏—è—Ç', '–∫–æ—Ä–¥–æ–Ω–∞', '–∏', '–¥–∞', '—â—É—Ä–º—É–≤–∞—Ç', '–Ω–∞—Ä–æ–¥–Ω–æ—Ç–æ', '—Å—ä–±—Ä–∞–Ω–∏–µ', '.', '–æ—â–µ', '–≤', 'https', ':', '//petel.bg/m/index.php']","['–Ω–∞', '–∂–∏–≤–æ', '–æ—Ç', '—Å–æ—Ñ–∏—è', '–æ–ø–∏—Ç–≤–∞—Ç', '–¥–∞', '–ø—Ä–æ–±–∏—è—Ç', '–∫–æ—Ä–¥–æ–Ω–∞', '–∏', '–¥–∞', '—â—É—Ä–º—É–≤–∞—Ç', '–Ω–∞—Ä–æ–¥–Ω–æ—Ç–æ', '—Å—ä–±—Ä–∞–Ω–∏–µ', '–æ—â–µ', '–≤', 'https', 'petelbgmindexphp']",7,5,0,0
–Ω–∞ –∂–∏–≤–æ –æ—Ç –ø—Ä–æ—Ç–µ—Å—Ç–∞ –≤ —Å–æ—Ñ–∏—è. –æ—â–µ –≤ https://petel.bg/m/index.php,2/9/2020 8:34,1993,132,560,petel.bg,0,https://petel.bg/m/index.php,True,9,6.111111111,0,"['–Ω–∞', '–∂–∏–≤–æ', '–æ—Ç', '–ø—Ä–æ—Ç–µ—Å—Ç–∞', '–≤', '—Å–æ—Ñ–∏—è', '.', '–æ—â–µ', '–≤', 'https', ':', '//petel.bg/m/index.php']","['–Ω–∞', '–∂–∏–≤–æ', '–æ—Ç', '–ø—Ä–æ—Ç–µ—Å—Ç–∞', '–≤', '—Å–æ—Ñ–∏—è', '–æ—â–µ', '–≤', 'https', 'petelbgmindexphp']",5,4,0,0
"""europa today"": –±—ä–ª–≥–∞—Ä–∏—è –µ –∫–∞—Ç–æ –±–µ–ª–∞—Ä—É—Å, –∞ –µ—Å —Å–µ –ø—Ä–µ—Å—Ç—Ä—É–≤–∞, —á–µ –Ω–µ –≤–∏–∂–¥–∞",23-08-20 19:56,941,86,104,petel.bg,0,–≤–∏–∂–¥–∞,True,13,4.538461538,0,"['``', 'europa', 'today', ""''"", ':', '–±—ä–ª–≥–∞—Ä–∏—è', '–µ', '–∫–∞—Ç–æ', '–±–µ–ª–∞—Ä—É—Å', ',', '–∞', '–µ—Å', '—Å–µ', '–ø—Ä–µ—Å—Ç—Ä—É–≤–∞', ',', '—á–µ', '–Ω–µ', '–≤–∏–∂–¥–∞']","['', 'europa', 'today', '', '–±—ä–ª–≥–∞—Ä–∏—è', '–µ', '–∫–∞—Ç–æ', '–±–µ–ª–∞—Ä—É—Å', '–∞', '–µ—Å', '—Å–µ', '–ø—Ä–µ—Å—Ç—Ä—É–≤–∞', '—á–µ', '–Ω–µ', '–≤–∏–∂–¥–∞']",6,5,0,0
–∫—Ä—É–º —Å–∞–≤–æ–≤ —Å–º–∞—è –∑—Ä–∏—Ç–µ–ª–∏—Ç–µ. –∂—É—Ä–Ω–∞–ª–∏—Å—Ç–∏—Ç–µ –º—É –∑–∞–≤–∏–¥—è—Ö–∞. –∑–∞–ø–ª–∞—Ç–∞—Ç–∏ –º–∏ –≤ —Ç–≤ 7/8 –ø—Ä–∏ —Å–ª–∞–≤–∏ –µ,21-08-20 21:25,715,14,186,petel.bg,1,–µ,False,15,4.8,0,"['–∫—Ä—É–º', '—Å–∞–≤–æ–≤', '—Å–º–∞—è', '–∑—Ä–∏—Ç–µ–ª–∏—Ç–µ', '.', '–∂—É—Ä–Ω–∞–ª–∏—Å—Ç–∏—Ç–µ', '–º—É', '–∑–∞–≤–∏–¥—è—Ö–∞', '.', '–∑–∞–ø–ª–∞—Ç–∞—Ç–∏', '–º–∏', '–≤', '—Ç–≤', '7/8', '–ø—Ä–∏', '—Å–ª–∞–≤–∏', '–µ']","['–∫—Ä—É–º', '—Å–∞–≤–æ–≤', '—Å–º–∞—è', '–∑—Ä–∏—Ç–µ–ª–∏—Ç–µ', '–∂—É—Ä–Ω–∞–ª–∏—Å—Ç–∏—Ç–µ', '–º—É', '–∑–∞–≤–∏–¥—è—Ö–∞', '–∑–∞–ø–ª–∞—Ç–∞—Ç–∏', '–º–∏', '–≤', '—Ç–≤', '78', '–ø—Ä–∏', '—Å–ª–∞–≤–∏', '–µ']",5,2,0,0
–ø–æ—á–Ω–∞ —Å–µ! –±—ä–ª–≥–∞—Ä–∏—è –µ –±–µ–ª–∞—Ä—É—Å! –≥–¥–±–æ–ø –∏ –º–≤—Ä –Ω–∞—Ö–ª—É—Ö–∞ –≤ –¥–æ–º–∞ –Ω–∞ –µ–¥–∏–Ω –æ—Ç –Ω–∞–π-–∞–∫—Ç–∏–≤–Ω–∏—Ç–µ –ø—Ä–æ—Ç–µ—Å—Ç–∏—Ä–∞—â–∏,20-08-20 21:39,882,161,204,petel.bg,1,–ø—Ä–æ—Ç–µ—Å—Ç–∏—Ä–∞—â–∏,True,16,4.9375,0,"['–ø–æ—á–Ω–∞', '—Å–µ', '!', '–±—ä–ª–≥–∞—Ä–∏—è', '–µ', '–±–µ–ª–∞—Ä—É—Å', '!', '–≥–¥–±–æ–ø', '–∏', '–º–≤—Ä', '–Ω–∞—Ö–ª—É—Ö–∞', '–≤', '–¥–æ–º–∞', '–Ω–∞', '–µ–¥–∏–Ω', '–æ—Ç', '–Ω–∞–π-–∞–∫—Ç–∏–≤–Ω–∏—Ç–µ', '–ø—Ä–æ—Ç–µ—Å—Ç–∏—Ä–∞—â–∏']","['–ø–æ—á–Ω–∞', '—Å–µ', '–±—ä–ª–≥–∞—Ä–∏—è', '–µ', '–±–µ–ª–∞—Ä—É—Å', '–≥–¥–±–æ–ø', '–∏', '–º–≤—Ä', '–Ω–∞—Ö–ª—É—Ö–∞', '–≤', '–¥–æ–º–∞', '–Ω–∞', '–µ–¥–∏–Ω', '–æ—Ç', '–Ω–∞–π–∞–∫—Ç–∏–≤–Ω–∏—Ç–µ', '–ø—Ä–æ—Ç–µ—Å—Ç–∏—Ä–∞—â–∏']",7,3,2,0
–µ–∫—à—ä–Ω –≤—ä–≤ –≤–∞—Ä–Ω–∞! –ø—Ä–µ–∑–∏–¥–µ–Ω—Ç—ä—Ç —Ä–∞–¥–µ–≤ –µ —Ç—É–∫. –∫–º–µ—Ç—ä—Ç –Ω–∞ –≥–µ—Ä–± –ø–æ—Ä—Ç–Ω–∏—Ö –∏–∑–ª–µ–∑–µ –ø—Ä–∏ —Ö–æ—Ä–∞—Ç–∞ –∏ —Ç–µ –º–æ—â–Ω–æ –≥–æ,17-08-20 19:12,1204,84,149,petel.bg,1,–≥–æ,False,18,4.388888889,0,"['–µ–∫—à—ä–Ω', '–≤—ä–≤', '–≤–∞—Ä–Ω–∞', '!', '–ø—Ä–µ–∑–∏–¥–µ–Ω—Ç—ä—Ç', '—Ä–∞–¥–µ–≤', '–µ', '—Ç—É–∫', '.', '–∫–º–µ—Ç—ä—Ç', '–Ω–∞', '–≥–µ—Ä–±', '–ø–æ—Ä—Ç–Ω–∏—Ö', '–∏–∑–ª–µ–∑–µ', '–ø—Ä–∏', '—Ö–æ—Ä–∞—Ç–∞', '–∏', '—Ç–µ', '–º–æ—â–Ω–æ', '–≥–æ']","['–µ–∫—à—ä–Ω', '–≤—ä–≤', '–≤–∞—Ä–Ω–∞', '–ø—Ä–µ–∑–∏–¥–µ–Ω—Ç—ä—Ç', '—Ä–∞–¥–µ–≤', '–µ', '—Ç—É–∫', '–∫–º–µ—Ç—ä—Ç', '–Ω–∞', '–≥–µ—Ä–±', '–ø–æ—Ä—Ç–Ω–∏—Ö', '–∏–∑–ª–µ–∑–µ', '–ø—Ä–∏', '—Ö–æ—Ä–∞—Ç–∞', '–∏', '—Ç–µ', '–º–æ—â–Ω–æ', '–≥–æ']",8,2,1,0
–∞–¥–≤–æ–∫–∞—Ç —Å–∏–≥–Ω–∞–ª–∏–∑–∏—Ä–∞ –∞–≥–µ–Ω—Ü–∏—è—Ç–∞ –∑–∞ –∑–∞–∫—Ä–∏–ª–∞ –Ω–∞ –¥–µ—Ç–µ—Ç–æ –∑–∞—Ä–∞–¥–∏ —Å–Ω–∏–º–∫–∞—Ç–∞ –Ω–∞ –±–æ—Ä–∏—Å–æ–≤ —Å –≤–Ω—É—Ü–∏—Ç–µ –º—É. –Ω–∞ —Å–Ω–∏–º–∫–∞—Ç–∞ —Å–µ –≤–∏–∂–¥–∞,14-08-20 22:35,1934,156,887,petel.bg,1,–≤–∏–∂–¥–∞,False,18,5.277777778,0,"['–∞–¥–≤–æ–∫–∞—Ç', '—Å–∏–≥–Ω–∞–ª–∏–∑–∏—Ä–∞', '–∞–≥–µ–Ω—Ü–∏—è—Ç–∞', '–∑–∞', '–∑–∞–∫—Ä–∏–ª–∞', '–Ω–∞', '–¥–µ—Ç–µ—Ç–æ', '–∑–∞—Ä–∞–¥–∏', '—Å–Ω–∏–º–∫–∞—Ç–∞', '–Ω–∞', '–±–æ—Ä–∏—Å–æ–≤', '—Å', '–≤–Ω—É—Ü–∏—Ç–µ', '–º—É', '.', '–Ω–∞', '—Å–Ω–∏–º–∫–∞—Ç–∞', '—Å–µ', '–≤–∏–∂–¥–∞']","['–∞–¥–≤–æ–∫–∞—Ç', '—Å–∏–≥–Ω–∞–ª–∏–∑–∏—Ä–∞', '–∞–≥–µ–Ω—Ü–∏—è—Ç–∞', '–∑–∞', '–∑–∞–∫—Ä–∏–ª–∞', '–Ω–∞', '–¥–µ—Ç–µ—Ç–æ', '–∑–∞—Ä–∞–¥–∏', '—Å–Ω–∏–º–∫–∞—Ç–∞', '–Ω–∞', '–±–æ—Ä–∏—Å–æ–≤', '—Å', '–≤–Ω—É—Ü–∏—Ç–µ', '–º—É', '–Ω–∞', '—Å–Ω–∏–º–∫–∞—Ç–∞', '—Å–µ', '–≤–∏–∂–¥–∞']",8,1,0,0
–Ω–µ–º—Å–∫–∞ —Ç–µ–ª–µ–≤–∏–∑–∏—è —Ä–∞–∑–∫–æ–≤–∞ –±–æ—Ä–∏—Å–æ–≤. –∏–∑–∫–∞—Ä–∞—Ö–∞ –∑–ª–æ–≤–µ—â–∏ –Ω–µ—â–∞. –≤ –±—ä–ª–≥–∞—Ä–∏—è –∏–º–∞,13-08-20 18:17,2492,719,138,petel.bg,1,–∏–º–∞,False,10,6.2,0,"['–Ω–µ–º—Å–∫–∞', '—Ç–µ–ª–µ–≤–∏–∑–∏—è', '—Ä–∞–∑–∫–æ–≤–∞', '–±–æ—Ä–∏—Å–æ–≤', '.', '–∏–∑–∫–∞—Ä–∞—Ö–∞', '–∑–ª–æ–≤–µ—â–∏', '–Ω–µ—â–∞', '.', '–≤', '–±—ä–ª–≥–∞—Ä–∏—è', '–∏–º–∞']","['–Ω–µ–º—Å–∫–∞', '—Ç–µ–ª–µ–≤–∏–∑–∏—è', '—Ä–∞–∑–∫–æ–≤–∞', '–±–æ—Ä–∏—Å–æ–≤', '–∏–∑–∫–∞—Ä–∞—Ö–∞', '–∑–ª–æ–≤–µ—â–∏', '–Ω–µ—â–∞', '–≤', '–±—ä–ª–≥–∞—Ä–∏—è', '–∏–º–∞']",2,2,0,0
"—É—á–µ–Ω–∏—Ç–µ –æ—Ç –±–∞–Ω: –æ—Å—Ç–∞–≤–∫–∞!–±—ä–ª–≥–∞—Ä–∏—è –∏–∑—á–µ–∑–≤–∞, —Å –Ω–∞–π-–∫—Ä–∞—Ç—ä–∫ –∂–∏–≤–æ—Ç —Å–º–µ –∏ –Ω–∞–π-–≤–∏—Å–æ–∫–∞ —Å–º—ä—Ä—Ç–Ω–æ—Å—Ç –∑–∞—Ä–∞–¥–∏ –∫–æ—Ä—É–ø—Ü–∏—è –∏ —Ñ–µ–æ–¥–∞–ª–Ω–æ –æ–ª–∏–≥–∞—Ä—Ö–∏—á–Ω–∏ –∑–∞–≤–∏—Å–∏–º–æ—Å—Ç–∏!",11/8/2020 22:10,1981,261,201,petel.bg,1,–∑–∞–≤–∏—Å–∏–º–æ—Å—Ç–∏!,True,18,6.777777778,0,"['—É—á–µ–Ω–∏—Ç–µ', '–æ—Ç', '–±–∞–Ω', ':', '–æ—Å—Ç–∞–≤–∫–∞', '!', '–±—ä–ª–≥–∞—Ä–∏—è', '–∏–∑—á–µ–∑–≤–∞', ',', '—Å', '–Ω–∞–π-–∫—Ä–∞—Ç—ä–∫', '–∂–∏–≤–æ—Ç', '—Å–º–µ', '–∏', '–Ω–∞–π-–≤–∏—Å–æ–∫–∞', '—Å–º—ä—Ä—Ç–Ω–æ—Å—Ç', '–∑–∞—Ä–∞–¥–∏', '–∫–æ—Ä—É–ø—Ü–∏—è', '–∏', '—Ñ–µ–æ–¥–∞–ª–Ω–æ', '–æ–ª–∏–≥–∞—Ä—Ö–∏—á–Ω–∏', '–∑–∞–≤–∏—Å–∏–º–æ—Å—Ç–∏', '!']","['—É—á–µ–Ω–∏—Ç–µ', '–æ—Ç', '–±–∞–Ω', '–æ—Å—Ç–∞–≤–∫–∞', '–±—ä–ª–≥–∞—Ä–∏—è', '–∏–∑—á–µ–∑–≤–∞', '—Å', '–Ω–∞–π–∫—Ä–∞—Ç—ä–∫', '–∂–∏–≤–æ—Ç', '—Å–º–µ', '–∏', '–Ω–∞–π–≤–∏—Å–æ–∫–∞', '—Å–º—ä—Ä—Ç–Ω–æ—Å—Ç', '–∑–∞—Ä–∞–¥–∏', '–∫–æ—Ä—É–ø—Ü–∏—è', '–∏', '—Ñ–µ–æ–¥–∞–ª–Ω–æ', '–æ–ª–∏–≥–∞—Ä—Ö–∏—á–Ω–∏', '–∑–∞–≤–∏—Å–∏–º–æ—Å—Ç–∏']",7,6,2,0
–±–ª–æ–∫–∞–¥–∞ –≤ —Å–æ—Ñ–∏—è,8/8/2020 3:56,1189,84,149,petel.bg,0,—Å–æ—Ñ–∏—è,True,3,4.333333333,0,"['–±–ª–æ–∫–∞–¥–∞', '–≤', '—Å–æ—Ñ–∏—è']","['–±–ª–æ–∫–∞–¥–∞', '–≤', '—Å–æ—Ñ–∏—è']",1,0,0,0
–º–≤—Ä –≤ –∞–∫—Ü–∏—è —Å—Ä–µ—â—É –Ω–µ–≤—ä–æ—Ä—ä–∂–µ–Ω–∏ –ø—Ä–æ—Ç–µ—Å—Ç–∏—Ä–∞—â–∏,8/8/2020 3:21,1031,346,167,petel.bg,0,–ø—Ä–æ—Ç–µ—Å—Ç–∏—Ä–∞—â–∏,True,6,6.166666667,0,"['–º–≤—Ä', '–≤', '–∞–∫—Ü–∏—è', '—Å—Ä–µ—â—É', '–Ω–µ–≤—ä–æ—Ä—ä–∂–µ–Ω–∏', '–ø—Ä–æ—Ç–µ—Å—Ç–∏—Ä–∞—â–∏']","['–º–≤—Ä', '–≤', '–∞–∫—Ü–∏—è', '—Å—Ä–µ—â—É', '–Ω–µ–≤—ä–æ—Ä—ä–∂–µ–Ω–∏', '–ø—Ä–æ—Ç–µ—Å—Ç–∏—Ä–∞—â–∏']",2,0,0,0
–ø—Ä–æ—Ç–µ—Å—Ç—ä—Ç –æ—Ç–Ω–æ–≤–æ –µ –ø—Ä–µ–¥ –º—Å. –æ—â–µ –≤ https://petel.bg/m/index.php?action=view&id=376587&opinion=,7/8/2020 22:18,2197,71,475,petel.bg,0,https://petel.bg/m/index.php?action=view&id=376587&opinion=,True,8,10.75,0,"['–ø—Ä–æ—Ç–µ—Å—Ç—ä—Ç', '–æ—Ç–Ω–æ–≤–æ', '–µ', '–ø—Ä–µ–¥', '–º—Å', '.', '–æ—â–µ', '–≤', 'https', ':', '//petel.bg/m/index.php', '?', 'action=view', '&', 'id=376587', '&', 'opinion=']","['–ø—Ä–æ—Ç–µ—Å—Ç—ä—Ç', '–æ—Ç–Ω–æ–≤–æ', '–µ', '–ø—Ä–µ–¥', '–º—Å', '–æ—â–µ', '–≤', 'https', 'petelbgmindexphp', 'actionview', '', 'id376587', '', 'opinion']",5,5,0,0
"""–æ—Ç—Ä–æ–≤–Ω–æ—Ç–æ —Ç—Ä–∏–æ"" –ø—Ä–∏–∑–æ–≤–∞: –¥–æ–≤–µ—á–µ—Ä–∞ –≤ 20 —á–∞—Å–∞ –ø—Ä–µ–¥ –º—Å –º–∞—Å–æ–≤ –ø—Ä–æ—Ç–µ—Å—Ç. —Å–≤–æ–±–æ–¥–∞—Ç–∞ –Ω–µ —â–µ –∫–∞—Å–∫–µ—Ç, —Å–≤–æ–±–æ–¥–∞—Ç–∞ –∏—Å–∫–∞ –∫–∞—Ä–∞–¥–∂–∞—Ç–∞.",7/8/2020 13:14,2340,147,325,petel.bg,0,–∫–∞—Ä–∞–¥–∂–∞—Ç–∞.,True,18,5.555555556,0,"['``', '–æ—Ç—Ä–æ–≤–Ω–æ—Ç–æ', '—Ç—Ä–∏–æ', ""''"", '–ø—Ä–∏–∑–æ–≤–∞', ':', '–¥–æ–≤–µ—á–µ—Ä–∞', '–≤', '20', '—á–∞—Å–∞', '–ø—Ä–µ–¥', '–º—Å', '–º–∞—Å–æ–≤', '–ø—Ä–æ—Ç–µ—Å—Ç', '.', '—Å–≤–æ–±–æ–¥–∞—Ç–∞', '–Ω–µ', '—â–µ', '–∫–∞—Å–∫–µ—Ç', ',', '—Å–≤–æ–±–æ–¥–∞—Ç–∞', '–∏—Å–∫–∞', '–∫–∞—Ä–∞–¥–∂–∞—Ç–∞', '.']","['', '–æ—Ç—Ä–æ–≤–Ω–æ—Ç–æ', '—Ç—Ä–∏–æ', '', '–ø—Ä–∏–∑–æ–≤–∞', '–¥–æ–≤–µ—á–µ—Ä–∞', '–≤', '20', '—á–∞—Å–∞', '–ø—Ä–µ–¥', '–º—Å', '–º–∞—Å–æ–≤', '–ø—Ä–æ—Ç–µ—Å—Ç', '—Å–≤–æ–±–æ–¥–∞—Ç–∞', '–Ω–µ', '—â–µ', '–∫–∞—Å–∫–µ—Ç', '—Å–≤–æ–±–æ–¥–∞—Ç–∞', '–∏—Å–∫–∞', '–∫–∞—Ä–∞–¥–∂–∞—Ç–∞']",6,6,0,0
–±–∞–ª–∞–±–∞–Ω–æ–≤: –º–Ω–æ–≥–æ –æ—Ç –ø—Ä–æ—Ç–µ—Å—Ç–∏—Ä–∞—â–∏—Ç–µ —Ç—É–∫ —Å–µ –Ω–∞–¥—è–≤–∞—Ç –±–æ—Ä–∏—Å–æ–≤ –¥–∞ –ø–æ—Å—Ç—ä–ø–∏ —Ä–∞–∑—É–º–Ω–æ –∏ —É—Ç—Ä–µ –¥–∞ –ø–æ–¥–∞–¥–µ –æ—Å—Ç–∞–≤–∫–∞,4/8/2020 21:27,1171,52,175,petel.bg,0,–æ—Å—Ç–∞–≤–∫–∞,True,16,5.375,0,"['–±–∞–ª–∞–±–∞–Ω–æ–≤', ':', '–º–Ω–æ–≥–æ', '–æ—Ç', '–ø—Ä–æ—Ç–µ—Å—Ç–∏—Ä–∞—â–∏—Ç–µ', '—Ç—É–∫', '—Å–µ', '–Ω–∞–¥—è–≤–∞—Ç', '–±–æ—Ä–∏—Å–æ–≤', '–¥–∞', '–ø–æ—Å—Ç—ä–ø–∏', '—Ä–∞–∑—É–º–Ω–æ', '–∏', '—É—Ç—Ä–µ', '–¥–∞', '–ø–æ–¥–∞–¥–µ', '–æ—Å—Ç–∞–≤–∫–∞']","['–±–∞–ª–∞–±–∞–Ω–æ–≤', '–º–Ω–æ–≥–æ', '–æ—Ç', '–ø—Ä–æ—Ç–µ—Å—Ç–∏—Ä–∞—â–∏—Ç–µ', '—Ç—É–∫', '—Å–µ', '–Ω–∞–¥—è–≤–∞—Ç', '–±–æ—Ä–∏—Å–æ–≤', '–¥–∞', '–ø–æ—Å—Ç—ä–ø–∏', '—Ä–∞–∑—É–º–Ω–æ', '–∏', '—É—Ç—Ä–µ', '–¥–∞', '–ø–æ–¥–∞–¥–µ', '–æ—Å—Ç–∞–≤–∫–∞']",8,1,0,0
